Player,Pos,Team,1,2,3,4,5,6,7,8,9,10,11,12,13,14,15,16,17,Total,Avg,RushPercent,TgtPercent,SnapPercent,YPC,SnapPerRoute,YPRR,TgtPerRoute,CatchPerc,RecTDPerc,RushTdPerc,DKSalary,FDSalary
Deshaun Watson,QB,HOU,74,67,68,86,80,61,64,60,62,bye,63,65,76,72,53,65,77,1093,68.3,9,0,100,3.75,0,1.5,0,0,0,0,,
Tom Brady,QB,NE,75,61,48,77,69,78,64,74,71,58,bye,70,74,81,62,66,64,1092,68.3,2,0,98,3.75,0,3,0.5,1,0,0,,
Ben Roethlisberger,QB,PIT,84,82,66,62,60,73,bye,70,80,50,65,78,68,41,64,75,68,1086,67.9,3,0,97,3.75,0,1.5,0,0,0,0,,
DeAndre Hopkins,WR,HOU,73,67,68,86,80,61,64,59,61,bye,63,64,75,72,51,65,75,1084,67.8,0,15,99,3.75,0.58,2.51,0.25,0.72,0.39,0,,
Case Keenum,QB,WAS,74,66,68,60,77,65,59,73,66,0,56,57,59,74,73,67,79,1073,67.1,2,0,100,3.75,0,1.5,0,0,0,0,,
Dak Prescott,QB,DAL,64,53,59,69,62,67,66,bye,59,69,64,70,71,99,69,52,78,1071,66.9,7,0,99,3.75,0,1.5,1,0,0,0,,
Russell Wilson,QB,SEA,57,66,69,66,60,65,bye,63,81,68,70,62,58,66,75,80,63,1069,66.8,6,0,100,3.75,0,1.5,0,0,0,0,,
Jared Goff,QB,LAR,63,72,77,55,66,74,51,78,60,65,80,bye,69,63,76,60,55,1064,66.5,4,0,97,3.75,0,1.5,0,0,0,0,,
Matthew Stafford,QB,DET,63,77,73,54,62,bye,64,59,70,78,65,66,72,60,57,60,73,1053,65.8,2,0,98,3.75,0,1.5,0,0,0,0,,
Kirk Cousins,QB,MIN,71,73,66,74,62,71,69,73,49,bye,67,70,61,58,69,61,57,1051,65.7,4,0,100,3.75,0,1.5,0,0,0,0,,
Matt Ryan,QB,ATL,70,62,68,70,64,67,65,bye,68,75,56,70,53,71,64,48,77,1048,65.5,3,0,99,3.75,0,2.5,0.5,1,0,0,,
Robert Woods,WR,LAR,61,70,74,55,66,72,50,76,58,64,79,bye,66,63,76,60,51,1041,65.1,2,13,95,8.26,0.57,2.05,0.21,0.68,0.18,0.05,,
Derek Carr,QB,OAK,74,65,76,92,53,60,bye,50,47,63,68,56,76,67,59,62,66,1034,64.6,2,0,99,3.75,0,1.5,0,0,0,0,,
Patrick Mahomes,QB,KC,56,58,75,78,70,54,70,58,63,59,72,bye,71,86,60,61,41,1032,64.5,6,0,99,3.75,0,1.5,0,0,0,0,,
Aaron Rodgers,QB,GB,46,77,69,76,81,71,bye,52,74,57,49,53,76,64,68,91,9,1013,63.3,4,0,94,3.75,0,1.5,0,0,0,0,,
Adam Thielen,WR,MIN,68,70,66,73,60,69,66,69,45,bye,67,68,61,56,63,57,53,1011,63.2,0,15,96,6,0.65,2.1,0.23,0.76,0.3,0,,
Eli Manning,QB,NYG,71,68,62,62,56,65,64,70,bye,59,53,61,72,46,65,65,71,1010,63.1,1,0,98,3.75,0,1.5,0,0,0,0,,
Zach Ertz,TE,PHI,70,74,81,76,57,71,65,57,bye,62,47,52,59,44,59,73,53,1000,62.5,0,16,92,3.75,0.58,2.01,0.27,0.75,0.25,0,,
Antonio Brown,WR,OAK,83,77,62,59,57,63,bye,70,81,51,64,72,67,59,61,72,0,998,66.5,0,17,95,3.75,0.67,1.94,0.24,0.63,0.83,0,,
Travis Kelce,TE,KC,56,57,71,73,66,51,60,55,60,58,72,bye,69,85,60,60,40,993,62.1,0,15,95,3.75,0.58,2.31,0.24,0.74,0.2,0,,
Brandin Cooks,WR,LAR,61,72,74,52,28,68,50,75,59,63,70,bye,66,62,76,59,54,989,61.8,1,12,90,6.8,0.59,2.07,0.19,0.73,0.15,0.05,,
Nelson Agholor,WR,PHI,68,72,80,72,52,64,59,57,bye,55,44,47,65,49,63,74,64,985,61.6,0,10,90,10.67,0.61,1.5,0.15,0.71,0.13,0,,
Drew Brees,QB,NO,64,66,79,70,63,bye,71,53,71,63,65,57,52,64,74,66,0,978,65.2,3,0,98,3.75,0,1.5,0,0,0,0,,
Christian McCaffrey,RB,CAR,57,63,67,bye,69,60,59,64,61,54,58,59,70,74,58,82,10,965,60.3,23,13,91,5.01,0.51,1.77,0.25,0.89,0.22,0.58,,
Philip Rivers,QB,LAC,82,55,52,68,64,53,44,bye,51,56,77,56,63,57,74,63,49,964,60.3,2,0,97,3.75,0,1.5,0,0,0,0,,
JuJu Smith-Schuster,WR,PIT,63,76,55,60,50,50,bye,56,77,42,61,66,60,52,60,69,63,960,60,0,17,86,13,0.71,2.08,0.24,0.69,0.21,0,,
Jarvis Landry,WR,CLE,81,59,66,72,80,73,67,52,73,36,bye,39,46,42,57,58,56,957,59.8,0,16,88,20,0.62,1.64,0.23,0.59,0.14,0.11,,
Davante Adams,WR,GB,59,75,68,76,71,63,bye,40,71,53,46,53,72,56,64,87,0,954,63.6,0,18,94,3.75,0.68,2.12,0.25,0.69,0.5,0,,
Zay Jones,WR,BUF,60,51,42,53,50,58,51,60,79,62,bye,55,66,69,66,61,58,941,58.8,0,11,89,3.75,0.58,1.5,0.18,0.57,0.5,0,,
Mike Evans,WR,TB,50,47,59,57,bye,57,82,70,60,55,65,58,57,61,45,66,51,940,58.8,0,15,84,3.75,0.68,2.39,0.21,0.64,0.22,0,,
Sterling Shepard,WR,NYG,61,65,59,59,56,63,59,67,bye,56,46,56,57,43,65,58,66,936,58.5,0,11,91,11,0.64,1.5,0.17,0.65,0.17,0,,
Mitch Trubisky,QB,CHI,70,66,74,59,bye,70,82,66,48,57,74,0,0,71,60,64,68,929,66.4,7,0,99,3.75,0,1.5,0,0,0,0,,
George Kittle,TE,SF,51,50,54,50,87,53,52,60,33,71,bye,60,67,66,59,54,61,928,58,0,15,88,10,0.53,2.82,0.26,0.69,0.19,0,,
Michael Thomas,WR,NO,61,58,75,66,51,bye,65,51,65,46,57,52,51,58,69,61,41,927,57.9,0,16,88,3.75,0.57,2.66,0.28,0.86,0.26,0,,
Kyle Rudolph,TE,MIN,59,63,64,60,54,60,56,63,46,bye,61,64,60,57,51,58,49,925,57.8,0,9,88,3.75,0.59,1.5,0.14,0.84,0.13,0,,
Tyler Lockett,WR,SEA,56,60,61,62,52,51,bye,44,68,60,53,56,40,56,68,69,52,908,56.8,1,8,85,5.31,0.51,2.1,0.14,0.88,0.29,0,,
Baker Mayfield,QB,CLE,0,0,46,81,80,74,68,64,72,53,bye,64,57,52,67,69,59,906,64.7,4,0,96,3.75,0,1.5,0.33,0,0,0,,
Tyreek Hill,WR,KC,40,51,68,70,64,53,52,48,61,54,69,bye,63,65,53,58,36,905,56.6,2,15,87,6.86,0.64,2.54,0.22,0.67,0.24,0.07,,
Kenny Golladay,WR,DET,65,71,64,53,49,bye,49,54,68,75,61,65,70,50,52,58,0,904,60.3,0,13,90,8,0.63,1.87,0.2,0.61,0.26,0,,
Ezekiel Elliott,RB,DAL,59,50,56,53,50,63,66,bye,52,61,56,65,63,86,61,49,0,890,59.3,34,11,89,4.72,0.46,1.5,0.22,0.85,0.13,0.86,,
Cam Newton,QB,CAR,67,67,67,bye,71,60,59,62,62,54,57,59,69,73,58,0,0,885,63.2,11,0,99,3.75,0,1.5,0,0,0,0,,
Stefon Diggs,WR,MIN,61,62,57,63,53,63,63,64,0,bye,62,66,47,50,55,52,56,874,58.3,1,17,87,6.2,0.68,1.72,0.24,0.72,0.3,0,,
Larry Fitzgerald,WR,ARI,52,26,48,52,42,49,64,66,bye,70,50,43,60,67,65,52,66,872,54.5,0,13,93,3.75,0.61,1.5,0.2,0.64,0.4,0,,
Corey Davis,WR,TEN,63,48,52,60,49,38,61,bye,65,59,58,53,65,49,65,49,38,872,54.5,1,13,88,9.17,0.56,1.83,0.22,0.6,0.27,0,,
David Njoku,TE,CLE,78,46,62,68,72,60,57,53,55,35,bye,43,46,43,56,40,57,871,54.4,0,10,80,3.75,0.57,1.5,0.17,0.67,0.14,0,,
Trey Burton,TE,CHI,61,57,63,45,bye,51,70,48,40,43,59,55,68,57,46,50,47,860,53.8,0,9,80,3.75,0.57,1.5,0.15,0.74,0.22,0,,
Saquon Barkley,RB,NYG,55,58,44,54,48,50,59,68,bye,54,47,47,57,31,65,57,59,853,53.3,31,14,83,5.01,0.55,1.53,0.24,0.8,0.17,0.92,,
Josh Doctson,WR,WAS,70,71,47,bye,0,59,57,56,68,45,64,59,43,55,56,55,41,846,56.4,0,9,88,3.75,0.61,1.5,0.15,0.59,0.13,0,,
C.J. Uzomah,TE,CIN,36,37,35,51,55,56,55,64,bye,42,55,74,67,58,69,41,45,840,52.5,0,8,84,3.75,0.54,1.5,0.14,0.68,0.11,0,,
Amari Cooper,WR,DAL,69,54,60,80,51,12,0,bye,50,54,51,47,56,90,54,44,66,838,55.9,0,13,80,10,0.65,1.85,0.19,0.74,0.3,0,,
Mohamed Sanu,WR,ATL,56,48,59,55,59,33,40,bye,47,70,51,57,44,57,61,32,61,830,51.9,1,11,78,6.29,0.68,1.5,0.16,0.73,0.11,0,,
Taylor Gabriel,WR,CHI,60,63,55,48,bye,46,64,44,44,46,55,47,76,57,46,51,28,830,51.9,1,11,77,6.78,0.58,1.5,0.19,0.74,0.07,0,,
Todd Gurley,RB,LAR,59,49,64,53,66,58,36,70,54,58,68,bye,65,62,63,0,0,825,58.9,31,10,86,4.89,0.52,1.5,0.18,0.78,0.12,0.81,,
Willie Snead,WR,BAL,42,57,40,39,67,55,44,52,43,bye,53,49,66,51,58,42,63,821,51.3,0,12,69,13,0.53,1.5,0.21,0.68,0.06,0,,
Courtland Sutton,WR,DEN,44,54,53,42,59,35,40,49,56,bye,50,42,41,51,63,66,74,819,51.2,0,10,76,3.75,0.65,1.5,0.15,0.53,0.25,0,,
Julio Jones,WR,ATL,57,48,54,54,53,51,49,bye,55,73,51,62,41,63,32,24,51,818,51.1,0,21,77,6,0.7,2.93,0.29,0.68,0.23,0,,
Donte Moncrief,WR,PIT,43,51,48,60,68,38,55,56,0,61,51,53,45,53,40,53,40,815,50.9,0,11,78,3.75,0.67,1.5,0.16,0.56,0.09,0,,
Sam Darnold,QB,NYJ,60,65,63,56,62,71,71,54,66,0,bye,0,0,51,75,60,56,810,62.3,5,0,100,3.75,0,1.5,0,0,0,0,,
Austin Hooper,TE,ATL,59,53,58,57,55,54,56,bye,54,61,47,48,38,55,34,31,49,809,50.6,0,11,76,3.75,0.61,1.5,0.17,0.84,0.11,0,,
Michael Crabtree,WR,ARI,53,73,52,48,72,41,48,45,43,0,53,47,36,51,44,43,56,805,50.3,0,12,68,3.75,0.62,1.5,0.2,0.55,0.2,0,,
Dede Westbrook,WR,JAC,31,51,39,57,61,44,50,58,bye,60,49,50,51,65,43,52,44,805,50.3,1,13,77,10.89,0.69,1.5,0.17,0.69,0.33,0,,
Chris Hogan,WR,CAR,68,55,48,70,63,47,42,45,53,54,0,28,32,33,39,62,64,803,50.2,0,7,72,3.75,0.62,1.5,0.1,0.69,0.11,0,,
Chris Conley,WR,JAC,35,36,49,73,43,38,46,30,34,54,64,0,65,85,57,57,36,802,50.1,0,6,77,3.75,0.64,1.5,0.09,0.68,0.33,0,,
Jimmy Graham,TE,GB,59,58,64,54,66,56,bye,46,59,39,21,22,54,47,47,64,39,795,49.7,0,11,74,3.75,0.7,1.5,0.15,0.66,0.08,0,,
Keenan Allen,WR,LAC,72,50,40,57,49,39,40,bye,43,50,69,52,58,54,17,59,45,794,49.6,1,17,80,8.33,0.6,2.5,0.26,0.78,0.19,0,,
Tyler Higbee,TE,LAR,60,64,58,34,53,55,42,62,42,50,59,bye,47,27,42,50,43,788,49.3,0,4,72,3.75,0.3,1.5,0.12,0.83,0.06,0,,
Adam Humphries,WR,TEN,44,29,53,49,0,51,57,62,55,54,49,38,41,57,29,63,50,781,48.8,0,13,70,5.5,0.73,1.5,0.18,0.74,0.33,0,,
Josh Rosen,QB,MIA,0,0,13,60,51,58,66,66,0,73,54,47,62,70,51,44,66,781,55.8,3,0,93,3.75,0,1.5,0,0,0,0,,
Blake Bortles,QB,LAR,63,71,57,77,83,48,30,64,0,75,69,70,0,0,0,23,47,777,59.8,7,0,90,3.75,0,1.5,0,0,0,0,,
Marcus Mariota,QB,TEN,36,0,53,71,54,44,71,bye,70,65,35,55,67,60,67,27,0,775,55.4,8,0,88,3.75,0,10.5,0.5,1,0,0,,
Tyler Boyd,WR,CIN,49,58,51,62,45,57,56,61,bye,41,52,72,66,64,39,0,0,773,55.2,0,14,86,3.75,0.65,2.06,0.21,0.74,0.26,0,,
Alshon Jeffery,WR,PHI,0,0,0,65,55,59,64,54,bye,60,51,64,66,51,64,61,57,771,59.3,0,12,90,3.75,0.63,1.74,0.19,0.72,0.19,0,,
Jared Cook,TE,NO,67,52,62,76,48,51,0,31,34,37,39,32,55,57,52,34,43,770,48.1,0,13,74,3.75,0.64,1.83,0.2,0.69,0.18,0,,
Antonio Callaway,WR,CLE,15,50,69,57,55,72,51,59,39,39,bye,38,41,38,49,47,47,766,47.9,0,10,70,3.5,0.64,1.5,0.16,0.55,0.18,0,,
Allen Robinson,WR,CHI,67,63,69,53,bye,59,61,0,0,54,67,51,70,61,46,44,0,765,58.8,0,12,86,9,0.58,1.69,0.21,0.59,0.15,0,,
Demaryius Thomas,WR,NE,53,59,54,51,47,48,41,52,49,0,46,54,60,68,47,35,0,764,50.9,0,12,76,3.75,0.6,1.5,0.19,0.68,0.17,0,,
T.Y. Hilton,WR,IND,80,55,59,43,0,0,35,64,bye,43,42,60,66,54,41,58,63,763,54.5,0,16,77,3.75,0.66,2.54,0.23,0.66,0.15,0,,
Tyrell Williams,WR,OAK,62,45,38,55,46,49,36,0,47,45,67,9,50,48,65,58,41,761,47.6,0,8,76,7.5,0.61,1.5,0.14,0.65,0.28,0,,
John Brown,WR,BUF,48,68,55,44,59,41,50,46,39,0,51,45,43,50,47,34,37,757,47.3,0,13,64,3.75,0.63,1.5,0.19,0.46,0.36,0,,
David Johnson,RB,ARI,36,35,43,55,48,55,48,53,bye,56,43,37,52,62,34,40,52,749,46.8,34,10,80,3.64,0.48,1.5,0.19,0.72,0.2,0.78,,
Julian Edelman,WR,NE,0,0,0,0,48,71,63,73,64,54,bye,60,66,74,58,58,58,747,62.3,1,14,87,11.89,0.58,1.95,0.24,0.7,0.2,0,,
Kenny Stills,WR,MIA,59,56,40,38,60,67,49,0,28,65,bye,51,48,40,51,37,56,745,49.7,0,9,87,3.75,0.58,1.5,0.14,0.62,0.24,0,,
Ryan Griffin,TE,NYJ,63,52,52,59,57,51,0,0,47,0,47,43,61,59,44,47,61,743,53.1,0,6,77,3.75,0.49,1.5,0.12,0.57,0,0,,
Michael Gallup,WR,DAL,29,25,25,40,24,59,56,bye,47,58,52,36,52,77,55,41,63,739,46.2,0,9,68,3.75,0.58,1.5,0.15,0.5,0.09,0,,
D.J. Moore,WR,CAR,17,17,33,bye,29,27,27,46,53,49,45,54,66,67,57,86,59,732,45.8,2,11,69,13.23,0.59,1.81,0.18,0.71,0.07,0,,
Carson Wentz,QB,PHI,0,0,82,78,59,71,67,62,bye,62,51,65,75,52,0,0,0,724,65.8,5,0,100,3.75,0,1.5,0,0,0,0,,
Josh Allen,QB,BUF,32,62,67,58,65,38,0,0,0,0,bye,58,72,76,68,61,62,719,59.9,12,0,93,3.75,0,1.5,1,0,0,0,,
James Conner,RB,PIT,77,72,56,49,45,66,bye,56,68,23,58,67,49,0,0,0,32,718,55.2,30,10,78,4.53,0.53,1.5,0.18,0.82,0.03,0.92,,
Chris Godwin,WR,TB,46,29,37,31,bye,37,66,63,37,34,23,49,52,60,41,61,51,717,44.8,0,13,64,3.75,0.63,1.87,0.2,0.66,0.19,0,,
Odell Beckham Jr.,WR,CLE,68,66,59,59,52,63,61,67,0,56,46,52,67,0,0,0,0,716,59.7,1,17,94,3.8,0.65,2.26,0.26,0.65,0.21,0,,
Cole Beasley,WR,BUF,43,30,42,38,37,42,53,0,44,48,42,43,47,65,44,35,60,713,44.6,0,12,66,3.75,0.67,1.5,0.18,0.76,0.21,0,,
Marquez Valdes-Scantling,WR,GB,2,6,12,54,77,66,bye,31,60,54,48,44,64,30,21,72,51,692,43.3,0,10,64,14.5,0.69,1.5,0.14,0.57,0.08,0,,
Jameis Winston,QB,TB,0,0,0,35,bye,66,95,63,0,0,30,73,65,70,50,80,61,688,62.5,7,0,88,3.75,0,1.5,0,0,0,0,,
Keelan Cole,WR,JAC,47,59,53,60,74,45,52,15,bye,22,16,50,36,51,39,35,33,687,42.9,0,10,66,3.75,0.69,1.5,0.14,0.59,0.07,0,,
Danny Amendola,WR,DET,45,44,31,42,53,75,55,65,47,66,0,14,0,25,39,31,50,682,45.5,0,12,79,3.75,0.61,1.5,0.18,0.79,0.05,0,,
Robby Anderson,WR,NYJ,35,53,42,42,32,53,62,0,47,0,bye,48,49,38,71,56,54,682,48.7,0,14,77,3.75,0.64,1.72,0.2,0.57,0.38,0,,
Virgil Green,TE,LAC,44,41,33,50,46,48,32,bye,34,47,54,45,41,40,43,29,47,674,42.1,0,4,68,3.75,0.35,1.5,0.11,0.7,0.03,0,,
Kyle Juszczyk,RB,SF,26,40,53,37,68,39,34,47,34,46,bye,38,39,42,46,33,40,662,41.4,1,6,63,3.75,0.39,1.5,0.14,0.81,0.04,0,,
Emmanuel Sanders,WR,DEN,64,54,60,54,73,56,43,59,61,bye,50,44,40,0,0,0,0,658,54.8,1,15,84,13.25,0.62,2.12,0.24,0.73,0.25,0.06,,
Alvin Kamara,RB,NO,52,51,67,59,31,bye,39,38,41,34,44,37,36,41,47,40,0,657,43.8,30,16,66,4.55,0.51,2.12,0.29,0.83,0.12,0.7,,
Josh Hill,TE,NO,24,39,49,43,38,bye,44,34,55,43,46,31,26,45,51,46,38,652,40.8,0,4,62,3.75,0.3,1.5,0.12,0.7,0.03,0,,
Alex Smith,QB,WAS,79,74,61,bye,61,70,60,68,69,58,51,0,0,0,0,0,0,651,65.1,6,0,96,3.75,0,1.5,0,0,0,0,,
Nick Boyle,TE,BAL,54,43,38,55,39,48,32,31,21,bye,53,51,50,39,21,39,37,651,40.7,0,6,55,3.75,0.26,1.5,0.18,0.74,0,0,,
Calvin Ridley,WR,ATL,45,35,42,38,48,7,41,bye,47,53,40,52,34,44,43,29,46,644,40.3,1,14,61,4.8,0.72,1.77,0.2,0.7,0.29,0,,
Joe Flacco,QB,DEN,55,85,72,76,87,76,68,61,61,bye,0,0,0,0,0,0,0,641,71.2,3,0,95,3.75,0,1.5,0,0,0,0,,
Eric Ebron,TE,IND,37,16,52,76,59,49,33,17,bye,21,25,49,58,45,38,20,39,634,39.6,0,17,56,3.75,0.71,1.66,0.24,0.61,0.33,0.08,,
Josh Gordon,WR,NE,69,0,0,18,18,63,61,64,57,55,bye,53,48,70,57,0,0,633,52.8,0,11,72,3.75,0.6,1.94,0.18,0.61,0.13,0,,
Andy Dalton,QB,CIN,56,76,65,73,60,61,48,66,bye,37,55,30,0,0,0,0,0,627,57,3,0,92,3.75,0,1.5,0,0,0,0,,
Jermaine Kearse,WR,DET,0,20,34,48,39,59,64,52,48,50,0,40,48,28,62,34,0,626,44.7,0,12,71,3.75,0.62,1.5,0.19,0.51,0.05,0,,
Chris Herndon IV,TE,NYJ,34,44,34,36,41,28,24,27,42,36,bye,51,50,41,52,39,46,625,39.1,0,9,62,3.75,0.49,1.65,0.18,0.72,0.25,0,,
Jordan Howard,RB,PHI,50,48,46,33,0,36,46,38,26,30,48,35,34,39,34,40,41,624,39,40,4,58,3.74,0.34,1.5,0.12,0.77,0,0.75,,
Devin Funchess,WR,IND,57,66,52,0,51,58,54,48,45,49,48,0,32,29,11,22,0,622,44.4,0,13,67,3.75,0.65,1.5,0.19,0.57,0.1,0,,
Mike Williams,WR,LAC,44,39,35,46,45,38,30,bye,15,26,45,63,34,29,66,40,27,622,38.9,1,11,62,4,0.61,1.74,0.17,0.67,0.31,0.06,,
David Moore,WR,SEA,16,20,23,43,31,30,bye,45,63,45,40,32,28,52,58,55,39,620,38.8,0,8,58,5,0.52,1.5,0.16,0.52,0.15,0,,
Lamar Miller,RB,HOU,57,51,52,46,0,41,45,34,40,bye,46,40,41,51,11,0,64,619,44.2,34,6,65,4.63,0.45,1.5,0.12,0.74,0.04,0.71,,
Peyton Barber,RB,TB,48,36,44,31,bye,41,35,43,35,33,48,36,40,32,32,47,35,616,38.5,38,5,55,3.72,0.44,1.5,0.1,0.74,0.03,0.63,,
Josh Reynolds,WR,LAR,2,2,4,1,36,46,51,69,2,10,78,bye,67,63,75,35,70,611,38.2,0,9,55,4,0.53,1.5,0.15,0.59,0.15,0,,
Jonnu Smith,TE,TEN,40,59,57,69,42,25,56,bye,53,60,42,42,48,17,0,0,0,610,46.9,0,5,75,3.75,0.41,1.5,0.12,0.69,0.2,0,,
Golden Tate,WR,NYG,57,65,54,42,48,0,46,54,bye,18,36,39,36,20,22,29,40,606,40.4,1,19,62,8.5,0.66,1.98,0.26,0.7,0.17,0,,
Kendrick Bourne,WR,SF,8,10,15,25,42,23,26,54,12,69,bye,56,67,43,46,52,58,606,37.9,0,11,57,3.75,0.6,1.5,0.16,0.7,0.15,0,,
John Ross,WR,CIN,37,45,31,18,0,0,28,0,bye,36,51,69,60,60,73,45,48,601,46.2,1,10,74,3.75,0.61,1.5,0.15,0.38,0.26,0,,
Dion Lewis,RB,TEN,49,34,30,48,34,32,45,bye,59,49,44,29,40,38,23,22,24,600,37.5,26,11,61,3.34,0.53,1.5,0.21,0.88,0.07,0.08,,
James White,RB,NE,36,34,25,40,43,33,45,61,56,42,bye,37,33,33,26,29,27,600,37.5,16,21,54,4.52,0.69,1.82,0.28,0.75,0.23,0.31,,
Joe Mixon,RB,CIN,44,39,0,0,47,42,44,55,bye,29,34,53,39,47,52,38,33,596,42.6,40,9,69,4.96,0.46,1.5,0.2,0.8,0.04,0.73,,
Chester Rogers,WR,IND,47,26,40,73,64,46,36,39,bye,16,21,32,1,25,37,46,46,595,37.2,0,12,51,3.75,0.67,1.5,0.18,0.75,0.05,0,,
Tajae Sharpe,WR,TEN,58,28,24,31,33,35,56,bye,55,54,58,38,53,20,39,3,7,592,37,0,8,60,16,0.55,1.5,0.14,0.57,0.13,0,,
Lamar Jackson,QB,BAL,30,6,2,9,5,2,5,14,13,bye,79,70,66,69,76,62,77,585,36.6,25,0,50,3.75,0.02,1.5,0.1,0,0,0,,
Ryan Tannehill,QB,TEN,62,60,44,36,64,0,0,bye,0,0,0,53,55,46,53,46,61,580,52.7,6,0,97,3.75,0,1.5,0.5,1,0,0,,
Tevin Coleman,RB,SF,36,40,53,40,27,38,37,0,39,49,34,35,29,33,34,31,25,580,36.3,29,8,55,4.79,0.51,1.5,0.14,0.8,0.19,0.67,,
Anthony Miller,WR,CHI,39,37,36,0,bye,41,52,48,36,42,60,33,58,37,26,29,2,576,38.4,1,9,57,4.33,0.63,1.5,0.15,0.61,0.26,0,,
Seth Roberts,WR,BAL,47,22,0,30,28,44,0,30,32,28,47,39,59,52,40,30,43,571,38.1,1,11,59,3.75,0.66,1.5,0.16,0.75,0.11,0,,
Tre'Quan Smith,WR,NO,11,22,26,26,44,bye,52,41,48,50,50,0,44,41,46,26,40,567,37.8,0,8,57,3.75,0.56,1.5,0.13,0.65,0.15,0,,
Vance McDonald,TE,PIT,0,37,32,39,37,51,bye,27,51,25,52,33,44,38,23,34,41,564,37.6,0,13,54,3.75,0.72,1.5,0.16,0.74,0.12,0,,
Jesse James,TE,DET,69,45,33,27,36,51,0,40,35,34,16,50,33,31,22,17,23,562,35.1,0,7,50,3.75,0.51,1.5,0.14,0.77,0.11,0,,
Ryan Grant,WR,OAK,65,43,50,72,68,40,bye,0,0,29,24,27,42,49,17,28,7,561,40.1,0,9,57,3.75,0.71,1.5,0.13,0.67,0.06,0,,
Rhett Ellison,TE,NYG,29,24,54,54,55,0,32,28,bye,33,40,54,68,33,28,25,0,557,39.8,0,6,62,3.75,0.44,1.5,0.13,0.78,0.04,0,,
Jeff Heuerman,TE,DEN,60,41,41,53,53,58,48,63,47,bye,48,43,0,0,0,0,0,555,50.5,0,9,77,3.75,0.44,1.5,0.17,0.7,0.13,0,,
Kenyan Drake,RB,MIA,46,36,29,22,41,49,36,37,28,34,bye,24,30,24,28,39,42,545,34.1,22,13,59,4.46,0.55,1.59,0.22,0.8,0.2,0.57,,
Laquon Treadwell,WR,MIN,38,45,58,46,30,38,51,46,41,bye,29,33,22,30,22,0,14,543,36.2,0,10,55,3.75,0.68,1.5,0.13,0.74,0.03,0,,
Christian Kirk,WR,ARI,45,31,37,40,32,46,52,50,bye,65,48,43,53,0,0,0,0,542,45.2,1,13,79,11.67,0.63,1.72,0.19,0.66,0.2,0,,
Marvin Jones,WR,DET,62,77,67,50,58,bye,56,57,63,48,0,0,0,0,0,0,0,538,59.8,0,12,89,3.75,0.64,1.5,0.17,0.59,0.26,0,,
Ricky Seals-Jones,TE,ARI,49,44,42,39,34,39,29,48,bye,46,21,19,22,44,55,5,0,536,35.7,0,13,61,3.75,0.68,1.5,0.18,0.52,0.07,0,,
Cameron Brate,TE,TB,24,14,31,37,bye,22,39,26,27,19,20,51,44,46,41,57,36,534,33.4,0,9,48,3.75,0.69,1.5,0.13,0.63,0.17,0,,
James O'Shaughnessy,TE,JAC,26,13,12,34,36,36,0,0,bye,52,56,57,39,54,41,42,35,533,38.1,0,7,59,3.75,0.52,1.5,0.13,0.69,0,0,,
Nick Vannett,TE,SEA,35,26,35,54,50,0,bye,31,48,41,42,24,25,29,20,33,36,529,35.3,0,8,53,3.75,0.41,1.5,0.18,0.73,0.09,0,,
Jarius Wright,WR,CAR,31,44,26,bye,30,37,32,17,22,29,41,27,39,38,36,57,22,528,33,0,11,50,19.5,0.73,1.5,0.15,0.75,0.04,0,,
Levine Toilolo,TE,SF,20,22,37,19,32,0,21,14,16,38,42,28,54,48,40,46,50,527,32.9,0,5,49,3.75,0.34,1.5,0.13,0.88,0.04,0,,
Zach Pascal,WR,IND,10,18,6,45,64,61,41,28,bye,15,24,11,42,35,49,35,43,527,32.9,0,9,46,5,0.5,1.5,0.17,0.61,0.05,0,,
Quincy Enunwa,WR,NYJ,40,52,53,53,48,15,0,0,48,54,bye,60,59,44,0,0,0,526,47.8,0,13,77,3.75,0.61,1.5,0.19,0.61,0.06,0,,
James Washington,WR,PIT,11,66,40,47,35,16,bye,0,70,46,35,18,0,22,44,27,49,526,37.6,0,7,54,3.75,0.72,1.5,0.09,0.44,0.03,0,,
Ian Thomas,TE,CAR,37,63,52,bye,49,1,0,8,2,9,2,2,53,61,54,76,56,525,32.8,0,9,52,3.75,0.6,1.5,0.15,0.77,0.07,0,,
Melvin Gordon,RB,LAC,62,36,40,49,45,38,0,bye,45,45,64,26,0,0,0,42,32,524,43.7,33,13,69,5.06,0.46,2.03,0.25,0.82,0.13,0.63,,
Dallas Goedert,TE,PHI,17,17,55,32,34,32,37,30,bye,17,16,36,39,31,39,48,44,524,32.8,0,8,48,3.75,0.44,1.5,0.19,0.77,0.13,0,,
Jamaal Williams,RB,GB,37,47,30,28,33,27,bye,13,31,14,4,13,38,24,59,86,39,523,32.7,23,8,49,3.83,0.52,1.5,0.12,0.82,0,0.21,,
Nick Mullens,QB,SF,0,0,0,0,0,0,0,0,55,73,bye,64,76,72,62,55,62,519,64.9,3,0,100,3.75,0,1.5,0,0,0,0,,
Geoff Swaim,TE,JAC,58,50,55,64,59,66,47,0,bye,56,57,0,0,0,0,0,0,512,56.9,0,6,88,3.75,0.48,1.5,0.12,0.87,0.07,0,,
Jordan Reed,TE,WAS,41,40,40,bye,39,47,41,53,37,38,50,47,31,7,0,0,0,511,39.3,0,16,60,3.75,0.67,1.63,0.23,0.69,0.13,0,,
T.J. Yeldon,RB,BUF,39,41,38,48,77,31,56,37,0,27,23,24,35,12,19,0,0,507,36.2,21,15,55,3.98,0.61,1.57,0.23,0.79,0.29,0.17,,
Benjamin Watson,TE,NE,51,54,45,37,36,0,36,14,33,29,21,18,20,28,32,25,27,506,31.6,0,9,48,3.75,0.49,1.57,0.17,0.79,0.07,0,,
Charles Clay,TE,ARI,40,43,40,43,49,44,39,41,8,0,0,0,45,42,41,0,29,504,38.8,0,7,58,3.75,0.47,1.5,0.13,0.66,0,0,,
Kareem Hunt,RB,CLE,40,40,46,45,52,31,46,49,49,43,62,0,0,0,0,0,0,503,45.7,36,7,71,4.55,0.5,1.5,0.13,0.79,0.25,0.78,,
Nyheim Hines,RB,IND,37,25,43,62,56,30,17,28,bye,20,16,26,45,28,29,23,14,499,31.2,17,16,44,3.68,0.69,1.5,0.23,0.81,0.05,0.15,,
Tarik Cohen,RB,CHI,28,21,30,29,bye,34,42,38,28,31,30,22,42,30,38,33,19,495,30.9,20,18,46,4.48,0.62,2.36,0.28,0.82,0.19,0.23,,
LeSean McCoy,RB,BUF,34,30,0,36,47,47,2,46,37,49,bye,37,54,9,0,31,31,490,35,33,9,53,3.19,0.46,1.5,0.18,0.83,0,0.5,,
Dalvin Cook,RB,MIN,57,50,0,18,0,0,0,0,28,bye,59,41,47,49,42,46,53,490,44.5,27,10,69,4.62,0.5,1.5,0.2,0.83,0.07,0.25,,
Rashard Higgins,WR,CLE,53,46,54,53,31,0,0,0,29,22,bye,20,33,26,30,43,43,483,37.2,0,11,55,3.75,0.66,1.8,0.16,0.76,0.14,0,,
Adrian Peterson,RB,WAS,42,25,32,bye,13,37,34,41,32,34,42,27,16,19,37,39,11,481,30.1,52,5,47,4.15,0.33,1.5,0.16,0.8,0.07,1,,
Luke Stocker,TE,ATL,25,36,32,25,32,20,30,bye,34,34,18,25,25,39,46,38,20,479,29.9,0,4,49,3.75,0.23,1.5,0.19,0.71,0.06,0,,
Evan Engram,TE,NYG,64,60,13,0,0,0,52,62,bye,36,17,0,0,33,45,42,51,475,43.2,1,13,67,12,0.66,1.83,0.2,0.71,0.13,0,,
DaeSean Hamilton,WR,DEN,14,12,15,6,32,18,4,0,0,bye,14,29,47,72,72,63,73,471,33.6,0,10,50,3.75,0.59,1.5,0.16,0.67,0.13,0,,
Jordan Thomas,TE,HOU,14,24,15,27,29,21,55,54,39,bye,34,33,40,33,24,15,13,470,29.4,0,6,43,3.75,0.34,1.5,0.15,0.87,0.14,0,,
Chris Moore,WR,BAL,19,26,22,33,23,39,30,38,24,bye,28,25,51,23,26,27,33,467,29.2,1,5,39,3.4,0.44,1.5,0.12,0.76,0.06,0,,
Randall Cobb,WR,DAL,52,71,65,0,0,0,0,24,56,0,0,0,61,44,47,0,46,466,51.8,0,13,78,3.75,0.73,1.5,0.17,0.67,0.09,0,,
Curtis Samuel,WR,CAR,0,0,0,bye,12,3,19,26,17,19,16,54,58,69,55,78,40,466,35.8,2,14,54,10.5,0.64,1.66,0.21,0.63,0.19,0.17,,
Maurice Harris,WR,NE,0,0,9,0,49,44,36,56,60,38,41,36,28,35,30,0,0,462,38.5,0,10,61,5,0.62,1.5,0.15,0.64,0,0,,
Latavius Murray,RB,NO,14,23,38,41,46,58,58,61,22,0,6,28,12,8,27,15,4,461,28.8,30,6,44,4.13,0.48,1.5,0.11,0.88,0,0.3,,
TJ Jones,WR,NYG,17,16,12,11,9,0,8,0,36,50,45,45,50,32,36,52,42,461,30.7,0,6,45,3.75,0.7,1.5,0.08,0.76,0.09,0,,
Alfred Blue,RB,JAC,10,17,16,40,79,25,27,29,22,0,18,26,36,22,41,34,19,461,28.8,33,6,42,3.33,0.45,1.5,0.12,0.83,0,0.18,,
Sammy Watkins,WR,KC,51,47,67,12,60,54,60,55,48,0,5,bye,0,0,0,0,0,459,45.9,1,12,70,10.4,0.62,1.81,0.19,0.75,0.06,0,,
Duke Johnson,RB,HOU,41,23,29,29,41,35,35,23,35,17,0,18,20,18,26,32,37,459,28.7,9,14,42,5.03,0.65,1.5,0.2,0.77,0.11,0,,
A.J. Green,WR,CIN,53,69,33,69,51,57,46,62,bye,0,0,0,17,0,0,0,0,457,50.8,0,17,79,3.75,0.63,2.39,0.27,0.6,0.22,0,,
Chris Carson,RB,SEA,25,19,51,0,35,27,bye,42,10,0,30,32,34,35,39,43,32,454,32.4,54,5,49,4.66,0.3,1.5,0.16,0.91,0,0.6,,
DeSean Jackson,WR,PHI,20,34,43,39,0,34,43,46,32,44,53,36,0,0,0,29,0,453,37.8,1,16,52,4.83,0.75,2.27,0.21,0.57,0.13,0.08,,
Phillip Lindsay,RB,DEN,26,28,11,24,29,20,35,41,38,bye,32,36,25,48,39,21,0,453,30.2,42,10,45,5.4,0.41,1.5,0.24,0.8,0.06,0.56,,
Allen Hurns,WR,MIA,38,27,39,47,38,57,54,0,18,15,8,32,16,27,22,4,10,452,28.3,0,8,42,3.75,0.56,1.5,0.13,0.61,0.08,0,,
Dante Pettis,WR,SF,48,56,25,0,0,0,0,7,11,41,bye,58,71,61,57,17,0,452,37.7,0,10,63,3.75,0.58,1.79,0.15,0.68,0.19,0,,
Robert Foster,WR,BUF,16,29,22,23,8,2,0,0,0,33,bye,34,36,73,57,59,58,450,34.6,0,10,53,3.75,0.58,2.06,0.17,0.61,0.21,0,,
Vernon Davis,TE,WAS,47,27,37,bye,26,36,27,33,32,27,28,26,23,49,30,0,0,448,32,0,8,49,3.75,0.44,1.86,0.18,0.71,0.13,0,,
Marlon Mack,RB,IND,0,18,0,0,0,24,37,49,bye,34,38,36,29,40,44,43,53,445,37.1,44,6,54,4.66,0.38,1.5,0.14,0.71,0.03,0.69,,
Taywan Taylor,WR,TEN,9,24,32,45,25,33,49,bye,18,0,0,0,29,41,54,44,41,444,34.2,0,13,55,3.75,0.56,1.87,0.22,0.67,0.07,0,,
Cooper Kupp,WR,LAR,61,72,75,53,36,28,0,0,60,54,0,bye,0,0,0,0,0,439,54.9,1,13,83,6.25,0.57,2.26,0.2,0.82,0.18,0,,
Marquise Goodwin,WR,SF,17,0,42,37,0,54,55,61,40,61,bye,0,0,24,7,38,0,436,39.6,1,10,63,3.75,0.57,1.59,0.16,0.56,0.15,0,,
O.J. Howard,TE,TB,43,46,49,15,bye,34,63,53,37,45,51,0,0,0,0,0,0,436,43.6,0,11,61,3.75,0.58,2.24,0.19,0.72,0.14,0,,
Chad Williams,WR,ARI,50,34,43,51,41,39,45,47,bye,0,0,0,0,0,0,29,51,430,43,0,11,76,9,0.66,1.5,0.15,0.4,0.07,0,,
Greg Olsen,TE,CAR,16,0,0,bye,0,59,59,63,60,45,56,58,13,0,0,0,0,429,47.7,0,9,77,3.75,0.57,1.5,0.16,0.69,0.15,0,,
Ryan Fitzpatrick,QB,MIA,66,58,74,28,0,0,0,25,67,69,41,0,0,0,0,0,0,428,53.5,8,0,77,5.03,0.7,1.5,0.2,0.77,0.12,0,,
Jamison Crowder,WR,NYJ,49,69,37,0,52,0,0,0,0,0,bye,0,29,54,42,54,42,428,47.6,1,12,77,7.5,0.62,1.5,0.17,0.66,0.13,0,,
Luke Willson,TE,OAK,14,40,39,25,34,0,41,36,34,0,33,20,50,21,24,13,0,424,30.3,0,4,46,3.75,0.46,1.5,0.1,0.68,0,0,,
Darren Fells,TE,HOU,39,25,30,39,19,19,24,25,26,32,0,35,15,23,30,28,11,420,26.3,0,3,39,3.75,0.23,1.5,0.13,0.92,0.11,0,,
Demarcus Robinson,WR,KC,5,7,11,45,9,6,11,20,18,43,35,bye,42,56,36,40,35,419,26.2,0,8,40,3.75,0.6,1.5,0.12,0.73,0.08,0,,
Matt LaCosse,TE,NE,1,2,1,15,19,27,18,27,25,0,19,27,47,60,68,0,62,418,27.9,0,9,39,3.75,0.49,1.5,0.17,0.71,0.03,0,,
Theo Riddick,RB,DEN,41,28,21,25,19,0,0,0,39,46,27,29,38,25,25,33,19,415,29.6,10,18,44,4.28,0.66,1.5,0.27,0.82,0,0,,
Mark Andrews,TE,BAL,22,35,27,26,33,20,26,22,27,bye,25,18,32,25,29,20,27,414,25.9,0,12,35,3.75,0.66,2.01,0.18,0.71,0.17,0,,
Jalen Richard,RB,OAK,37,8,20,34,27,24,bye,22,22,27,32,26,32,33,30,23,16,413,25.8,13,20,39,4.71,0.65,2.26,0.29,0.88,0,0.13,,
Devante Parker,WR,MIA,0,0,33,0,0,4,0,66,51,45,bye,24,46,42,19,32,49,411,37.4,0,11,65,3.75,0.55,1.5,0.19,0.56,0.04,0,,
Derrick Henry,RB,TEN,20,25,32,28,21,12,24,bye,14,15,21,27,28,24,49,35,26,401,25.1,54,4,41,4.93,0.29,1.5,0.16,0.83,0,0.92,,
Mike Gesicki,TE,MIA,21,33,28,41,30,27,16,16,27,20,bye,37,22,20,25,16,21,400,25,0,8,43,3.75,0.55,1.5,0.14,0.71,0,0,,
Phillip Dorsett,WR,NE,57,55,45,57,42,3,8,5,12,15,bye,9,16,7,2,27,39,399,24.9,1,11,36,7.25,0.57,1.5,0.19,0.74,0.1,0,,
James Develin,RB,NE,35,20,8,33,15,33,15,27,17,12,bye,30,35,36,20,36,26,398,24.9,2,5,36,3.75,0.25,1.5,0.17,0.71,0,0.25,,
Nick Chubb,RB,CLE,4,3,5,3,11,7,45,31,37,42,bye,46,27,33,40,39,22,395,24.7,49,7,36,5.19,0.36,1.5,0.2,0.71,0.07,0.89,,
Mike Davis,RB,CHI,0,9,8,47,25,24,0,20,59,39,22,18,10,18,33,36,25,393,26.2,28,11,39,4.59,0.47,1.5,0.22,0.83,0.04,0.31,,
Tim Patrick,WR,DEN,9,4,2,2,6,2,16,19,48,bye,27,8,21,64,51,58,56,393,24.6,1,10,36,5.67,0.62,1.5,0.16,0.58,0.06,0,,
Jordan Akins,TE,HOU,37,15,25,37,18,8,30,34,36,bye,18,25,21,15,14,24,31,388,24.3,0,6,35,3.75,0.5,1.5,0.12,0.71,0,0,,
Blake Jarwin,TE,DAL,22,14,12,27,18,22,9,bye,27,3,3,35,28,57,43,27,40,387,24.2,0,9,36,3.75,0.59,1.5,0.15,0.77,0.13,0,,
Jason Croom,TE,BUF,18,16,25,12,21,16,16,17,42,44,bye,29,25,0,32,44,30,387,25.8,0,9,39,3.75,0.49,1.5,0.18,0.67,0.14,0,,
Carlos Hyde,RB,KC,47,36,45,49,28,32,0,28,0,9,11,15,23,3,0,16,43,385,27.5,45,4,39,3.32,0.39,1.5,0.1,0.67,0,0.36,,
Gerald Everett,TE,LAR,5,8,21,23,16,21,22,17,18,16,23,bye,24,36,34,51,45,380,23.8,1,13,35,8,0.65,1.5,0.19,0.69,0.09,0,,
Aaron Jones,RB,GB,0,0,17,29,22,19,bye,32,43,42,44,40,39,42,7,0,0,376,31.3,35,9,48,5.47,0.54,1.5,0.16,0.81,0.04,0.57,,
Will Fuller,WR,HOU,0,55,68,27,77,52,52,44,0,bye,0,0,0,0,0,0,0,375,53.6,0,12,77,3.75,0,1.5,0,0,0,0,,
Maxx Williams,TE,ARI,44,28,37,40,27,34,20,0,bye,0,0,8,21,22,43,20,30,374,28.8,1,5,38,3.75,0.22,1.7,0.19,1,0.07,0,,
Dontrelle Inman,WR,LAC,0,0,0,0,0,0,42,58,0,19,29,46,54,0,36,39,49,372,41.3,0,10,60,3.75,0.61,1.5,0.17,0.74,0.09,0,,
Nick O'Leary,TE,MIA,0,0,0,0,28,52,39,49,33,21,bye,30,32,24,25,16,23,372,31,0,3,53,3.75,0.27,1.5,0.1,0.8,0.04,0,,
Jeff Driskel,QB,CIN,0,0,0,0,0,0,9,0,bye,7,1,44,68,67,80,47,49,372,41.3,7,0,69,3.75,0,1.5,0,0,0,0,,
Demetrius Harris,TE,CLE,0,18,25,31,29,16,35,20,22,14,39,0,31,28,18,16,29,371,24.7,0,7,38,3.75,0.44,1.5,0.15,0.48,0.11,0,,
Bennie Fowler,WR,NYG,0,0,0,0,0,0,35,48,bye,26,17,26,32,26,46,54,60,370,37,0,7,58,3.75,0.66,1.5,0.1,0.64,0.04,0,,
Marcell Ateman,WR,OAK,0,0,0,0,0,0,bye,0,0,0,65,48,62,50,49,47,49,370,52.9,0,8,81,3.75,0.6,1.5,0.14,0.5,0.06,0,,
Jacquizz Rodgers,RB,NO,15,18,26,11,0,10,30,33,26,26,23,34,15,31,13,32,25,368,23,9,12,33,3.21,0.64,1.5,0.18,0.88,0,0.05,,
Paul Richardson,WR,WAS,61,68,45,bye,42,52,0,46,54,0,0,0,0,0,0,0,0,368,52.6,1,10,76,4.5,0.64,1.5,0.14,0.61,0.13,0,,
Dwayne Allen,TE,MIA,23,14,17,45,12,11,55,12,66,44,bye,0,0,0,3,37,26,365,28.1,0,1,41,3.75,0.3,1.5,0.04,0.75,0,0,,
Ed Dickson,TE,SEA,0,0,0,0,0,0,bye,20,25,24,29,44,28,36,46,64,48,364,36.4,0,4,53,9,0.4,1.5,0.08,0.92,0.09,0,,
Alex Erickson,WR,CIN,1,0,7,36,36,46,20,51,bye,16,9,7,5,21,36,32,41,364,22.8,1,8,39,7.33,0.61,1.5,0.13,0.71,0,0,,
Matt Breida,RB,SF,30,25,29,38,13,27,5,31,27,44,bye,31,10,0,45,9,0,364,26,42,9,39,5.32,0.44,1.63,0.19,0.87,0.08,0.5,,
Jeremy Sprinkle,TE,WAS,34,13,24,bye,11,21,19,19,12,26,27,10,8,16,41,46,36,363,22.7,0,2,36,3.75,0.31,1.5,0.07,0.63,0.07,0,,
Logan Paulsen,TE,ATL,19,29,21,29,19,37,27,bye,30,27,17,20,18,0,15,25,29,362,24.1,0,2,37,3.75,0.24,1.5,0.1,1,0.03,0,,
Doug Martin,RB,OAK,10,16,13,6,6,6,bye,28,26,30,14,28,40,33,27,34,43,360,22.5,48,7,35,4.2,0.38,1.5,0.17,0.78,0,0.5,,
Nick Foles,QB,JAC,72,79,0,0,0,0,0,0,bye,0,0,0,0,0,64,81,61,357,71.4,3,0,97,3.75,0,15,1,1,0,0,,
Eric Tomlinson,TE,NYJ,29,37,24,13,46,27,26,6,24,13,bye,23,21,21,26,17,0,353,23.5,0,4,37,3.75,0.27,1.5,0.14,0.62,0,0,,
Mark Ingram,RB,BAL,0,0,0,0,36,0,35,23,34,31,30,27,21,29,33,32,19,350,29.2,39,8,45,4.67,0.38,1.5,0.19,0.84,0.06,0.4,,
Jaron Brown,WR,SEA,33,47,50,15,9,22,bye,18,19,9,14,13,15,43,12,15,16,350,21.9,0,5,33,3.75,0.43,1.5,0.12,0.78,0.15,0,,
Austin Ekeler,RB,LAC,22,23,18,23,23,21,42,bye,9,20,18,26,49,39,0,0,15,348,24.9,30,15,41,5.23,0.55,2.13,0.25,0.83,0.09,0.19,,
Kerryon Johnson,RB,DET,16,36,32,20,29,bye,38,48,39,55,33,0,0,0,0,0,0,346,34.6,34,11,52,5.43,0.49,1.5,0.22,0.86,0.05,0.27,,
Michael Floyd,WR,BAL,0,0,0,0,9,7,30,9,14,31,33,26,18,31,46,53,38,345,26.5,0,7,43,3.75,0.58,1.5,0.12,0.43,0.06,0,,
Jordan Matthews,WR,SF,0,0,33,46,22,26,29,34,0,38,14,14,21,10,5,33,19,344,24.6,0,8,37,3.75,0.62,1.5,0.12,0.77,0.08,0,,
Chris Manhertz,TE,CAR,34,13,39,bye,37,10,6,22,25,15,12,18,8,21,15,25,44,344,21.5,0,1,32,3.75,0.16,1.5,0.09,0.4,0.04,0,,
Trent Sherfield,WR,ARI,0,0,0,0,3,0,0,0,bye,39,20,20,31,65,64,45,56,343,26.4,0,8,63,3.75,0.65,1.5,0.12,0.7,0.07,0,,
C.J. Beathard,QB,SF,0,0,1,60,98,57,58,66,0,0,bye,0,0,0,0,0,0,340,56.7,6,0,77,3.75,0,1.5,0,0,0,0,,
Antony Auclair,TE,TB,10,17,17,19,bye,23,22,15,13,14,14,36,31,23,26,30,29,339,21.2,0,2,30,3.75,0.25,1.5,0.1,0.88,0,0,,
Jack Doyle,TE,IND,77,59,0,0,0,0,0,57,bye,49,51,39,0,0,0,0,0,332,55.3,0,10,82,3.75,0.48,1.54,0.2,0.81,0.05,0,,
Isaiah Crowell,RB,OAK,24,31,29,20,25,29,33,25,23,19,0,26,43,5,0,0,0,332,25.5,43,8,41,4.79,0.44,1.5,0.18,0.81,0,0.75,,
Frank Gore,RB,BUF,18,24,16,25,26,30,25,29,29,29,bye,29,20,23,7,0,0,330,23.6,47,5,41,4.63,0.39,1.5,0.13,0.75,0.07,0,,
Giovani Bernard,RB,CIN,12,39,57,44,0,0,0,0,bye,12,26,23,28,25,30,14,19,329,27.4,17,15,44,3.77,0.59,1.5,0.21,0.85,0,0.27,,
Jordan Leggett,TE,TB,15,0,19,27,29,22,22,12,33,17,0,17,23,19,26,16,29,326,21.7,0,8,35,3.75,0.43,1.5,0.16,0.64,0.03,0,,
Torrey Smith,WR,CAR,51,58,44,bye,46,42,30,0,0,0,0,13,9,2,0,9,20,324,29.5,0,9,43,3.75,0.64,1.5,0.14,0.61,0.07,0,,
Wendell Smallwood,RB,PHI,1,24,29,37,29,44,35,31,bye,21,4,1,2,4,20,16,26,324,20.3,27,11,30,4.18,0.61,1.5,0.16,0.88,0.06,0.25,,
Josh Bellamy,WR,NYJ,2,2,18,9,0,16,18,55,32,6,13,18,20,19,14,22,57,321,20.1,0,8,30,3.75,0.47,1.5,0.16,0.56,0.06,0,,
Trent Taylor,WR,SF,37,16,25,31,50,0,20,19,0,7,bye,9,23,23,15,26,20,321,22.9,0,12,34,3.75,0.75,1.5,0.16,0.68,0.04,0,,
Sony Michel,RB,NE,0,13,23,33,27,37,6,0,0,18,bye,30,30,33,22,23,25,320,24.6,65,3,36,4.45,0.18,1.5,0.19,0.64,0,0.38,,
Elijah McGuire,RB,NYJ,0,0,0,0,0,0,0,0,36,32,bye,35,25,40,56,51,43,318,39.8,29,10,64,3.07,0.48,1.5,0.19,0.63,0.06,0.3,,
Devontae Booker,RB,DEN,19,22,26,20,22,22,6,32,26,bye,11,6,13,17,15,24,35,316,19.8,11,16,29,5.38,0.72,1.5,0.21,0.79,0,0.06,,
Lance Kendricks,TE,NE,19,27,10,35,18,22,0,17,26,35,26,22,12,17,9,16,4,315,19.7,0,8,29,3.75,0.47,1.5,0.16,0.79,0.03,0,,
Cody Core,WR,CIN,0,0,6,11,8,9,14,6,bye,20,34,30,35,33,51,43,11,311,22.2,0,9,36,3.75,0.63,1.5,0.14,0.46,0.04,0,,
Ito Smith,RB,ATL,0,19,10,30,12,31,28,bye,28,22,20,26,24,32,29,0,0,311,22.2,29,10,36,3.5,0.53,1.5,0.18,0.9,0,0.5,,
Chris Thompson,RB,WAS,33,50,25,bye,40,0,0,26,0,0,0,0,29,25,29,22,29,308,30.8,14,18,49,4.14,0.67,1.5,0.25,0.79,0.07,0,,
Royce Freeman,RB,DEN,29,16,29,16,30,25,18,0,0,bye,13,15,21,9,18,25,44,308,22,42,6,33,4.01,0.39,1.5,0.16,0.74,0,0.31,,
Ryan Switzer,WR,PIT,7,13,7,21,4,2,bye,19,13,8,24,52,24,28,21,35,24,302,18.9,2,15,27,3.5,0.8,1.5,0.18,0.82,0.03,0,,
Dalton Schultz,TE,DAL,2,0,0,0,0,0,19,bye,24,8,11,42,40,46,31,33,44,300,27.3,0,6,39,3.75,0.38,1.5,0.14,0.75,0,0,,
D.J. Chark,WR,JAC,13,30,11,29,25,13,30,48,bye,44,36,0,0,0,0,0,12,291,26.5,0,11,40,3.75,0.66,1.5,0.16,0.45,0,0,,
Scott Simonson,TE,NYG,4,3,16,14,18,63,11,4,bye,13,18,18,27,22,3,24,31,289,18.1,0,5,28,3.75,0.33,1.5,0.14,0.69,0.04,0,,
Gus Edwards,RB,BAL,0,0,0,0,0,14,7,8,2,bye,49,43,40,31,33,23,36,286,26,48,1,36,5.24,0.19,1.5,0.04,1,0,0.13,,
Lee Smith,TE,BUF,9,22,19,30,8,12,0,15,21,23,29,17,17,14,7,23,18,284,17.8,0,4,27,3.75,0.16,1.62,0.24,0.91,0.21,0,,
Logan Thomas,TE,DET,18,19,0,0,24,18,10,18,47,30,0,31,0,36,0,26,7,284,23.7,0,6,36,3.75,0.43,1.5,0.13,0.75,0,0,,
DeAndre Carter,WR,HOU,53,19,0,0,0,2,3,6,0,bye,0,12,44,8,32,49,56,284,20.3,0,9,37,7,0.6,1.5,0.14,0.92,0,0,,
Jakeem Grant,WR,MIA,25,32,9,31,15,31,39,63,29,8,bye,0,0,0,0,0,0,282,28.2,0,12,47,5,0.58,1.63,0.19,0.68,0.08,0,,
Leonard Fournette,RB,JAC,21,0,0,24,0,0,0,0,bye,39,35,31,0,55,26,49,0,280,35,48,9,51,3.3,0.35,1.87,0.25,0.88,0.07,0.45,,
Travis Benjamin,WR,LAC,47,0,0,5,0,0,5,bye,18,13,19,44,28,20,44,21,14,278,23.2,3,9,36,5.86,0.65,1.5,0.13,0.52,0.03,0,,
Garrett Celek,TE,SF,23,30,19,17,26,17,20,23,20,6,bye,12,16,27,17,3,0,276,18.4,0,3,28,3.75,0.2,1.64,0.15,0.63,0.08,0,,
Hayden Hurst,TE,BAL,0,0,0,0,21,18,18,30,27,bye,35,19,21,18,30,17,21,275,22.9,0,8,31,3.75,0.43,1.5,0.18,0.62,0.06,0,,
Austin Carr,WR,NO,44,32,13,12,14,bye,15,19,15,22,31,18,14,14,0,0,11,274,19.6,0,5,30,3.75,0.56,1.5,0.08,0.69,0.06,0,,
Keke Coutee,WR,HOU,0,0,0,80,57,45,16,0,0,bye,42,27,0,0,0,0,0,267,44.5,1,15,64,3.75,0.63,1.72,0.23,0.74,0.04,0,,
Ty Montgomery,RB,NYJ,23,26,20,20,29,26,0,6,0,0,9,28,27,19,0,11,20,264,20.3,16,15,29,4.59,0.58,1.54,0.24,0.69,0,0.1,,
Cody Kessler,QB,PHI,0,0,0,0,0,0,38,0,bye,0,0,0,58,71,52,44,0,263,52.6,7,0,83,3.75,0,1.5,0,0,0,0,,
Equanimeous St. Brown,WR,GB,0,0,0,0,0,0,bye,6,15,33,43,36,15,34,42,39,0,263,26.3,0,11,45,5,0.95,1.5,0.14,0.62,0,0,,
Andy Jones,WR,DET,0,0,0,0,0,bye,0,0,2,0,19,21,17,37,45,62,53,256,32,0,9,48,3.75,0.51,1.5,0.17,0.5,0.05,0,,
Aldrick Robinson,WR,CAR,0,0,8,8,15,6,8,17,26,0,8,18,43,13,15,32,35,252,18,0,14,28,3.75,0.69,1.5,0.18,0.53,0.19,0,,
Josh Adams,RB,PHI,0,0,8,1,1,0,8,18,bye,19,28,40,41,21,24,25,18,252,15.8,48,5,28,4.26,0.39,1.5,0.13,0.54,0,0.25,,
Alfred Morris,RB,DAL,34,31,23,14,44,1,20,11,10,14,0,0,0,4,0,0,44,250,20.8,44,6,32,3.86,0.4,1.5,0.1,0.8,0,0.29,,
Deonte Thompson,WR,NYJ,30,23,27,29,36,7,15,0,3,0,bye,16,25,11,17,11,0,250,19.2,0,12,30,3.75,0.54,1.5,0.22,0.57,0,0,,
Spencer Ware,RB,IND,9,6,18,24,8,16,22,9,14,20,11,0,49,41,0,0,0,247,19,21,9,28,4.82,0.57,1.58,0.15,0.91,0,0.15,,
Geronimo Allison,WR,GB,42,61,52,56,0,0,bye,30,0,0,0,0,0,0,0,0,0,241,48.2,0,12,72,3.75,0.71,1.78,0.16,0.71,0.08,0,,
Mo Alie-Cox,TE,IND,0,0,0,13,0,12,32,25,bye,23,26,0,0,0,40,32,38,241,26.8,0,6,37,3.75,0.22,2.46,0.24,0.54,0.05,0,,
Andy Janovich,RB,DEN,13,11,13,17,10,17,20,18,15,bye,9,21,23,13,16,12,11,239,14.9,1,4,22,3.75,0.28,1.52,0.12,0.88,0.06,0,,
Corey Clement,RB,PHI,13,33,45,0,0,26,25,13,bye,18,14,24,23,4,0,0,0,238,21.6,29,11,32,3.81,0.53,1.54,0.2,0.88,0,0.17,,
Derek Carrier,TE,OAK,25,11,18,17,9,11,bye,12,12,18,11,19,14,13,8,20,16,234,14.6,0,5,22,3.75,0.41,1.5,0.12,0.64,0.06,0,,
Albert Wilson,WR,MIA,34,29,10,37,58,50,14,0,0,0,bye,0,0,0,0,0,0,232,33.1,3,15,56,3.75,0.56,3.03,0.28,0.72,0.16,0,,
David Morgan,TE,MIN,30,22,0,23,20,30,24,17,8,bye,0,0,0,0,23,23,11,231,21,0,3,31,3.75,0.17,1.5,0.15,0.83,0,0,,
Cordarrelle Patterson,WR,CHI,16,28,19,41,8,6,6,13,13,10,0,22,8,18,5,17,0,230,15.3,18,12,22,5.43,0.46,2.33,0.25,0.78,0.11,0.08,,
Jaylen Samuels,RB,PIT,0,0,0,0,2,0,bye,7,6,18,2,4,17,48,40,53,31,228,16.3,25,13,30,4.57,0.57,1.53,0.22,0.9,0.09,0,,
Zach Line,RB,NO,11,22,12,18,15,bye,13,7,23,17,13,12,1,17,16,12,17,226,14.1,4,4,22,4.56,0.29,1.5,0.15,0.5,0.06,0,,
Isaiah McKenzie,WR,BUF,0,0,0,0,0,0,0,3,0,7,bye,33,36,59,35,39,13,225,28.1,4,13,41,6.6,0.64,1.5,0.2,0.62,0,0.33,,
Keith Kirkwood,WR,NO,0,0,0,0,0,bye,0,0,0,34,25,30,27,22,34,38,15,225,28.1,0,9,44,3.75,0.58,1.6,0.16,0.62,0.06,0,,
Blake Bell,TE,KC,0,0,0,0,0,0,22,32,0,27,25,16,18,23,19,25,14,221,22.1,0,5,34,3.75,0.49,1.5,0.08,0.89,0,0,,
Justin Hardy,WR,ATL,6,14,15,14,17,36,14,bye,14,10,10,10,11,14,10,11,15,221,13.8,0,10,21,3.75,0.52,1.5,0.17,0.7,0.06,0,,
Breshad Perriman,WR,TB,0,0,0,0,bye,0,11,9,26,13,0,35,26,19,28,32,19,218,21.8,2,11,35,3.75,0.61,2.54,0.19,0.64,0.06,0,,
J.J. Nelson,WR,OAK,1,23,6,6,2,11,17,17,0,20,17,18,12,48,15,0,0,213,15.2,2,9,26,3.75,0.62,1.5,0.15,0.37,0,0,,
Blaine Gabbert,QB,TB,33,59,9,0,bye,0,0,0,0,0,28,0,1,0,3,29,49,211,26.4,3,0,40,3.75,0,1.5,0,0,0,0,,
Cody Latimer,WR,NYG,47,44,40,0,0,32,0,0,bye,0,0,0,0,0,0,20,26,209,34.8,0,8,52,3.75,0.68,1.5,0.11,0.69,0.04,0,,
Bilal Powell,RB,NYJ,24,34,34,36,34,32,14,0,0,0,bye,0,0,0,0,0,0,208,29.7,38,9,47,4.29,0.47,1.5,0.17,0.65,0.06,0,,
Damien Williams,RB,KC,7,9,7,3,2,3,2,0,0,1,0,bye,19,43,44,39,28,207,12.9,24,12,25,5.12,0.57,1.5,0.21,0.96,0.04,0.29,,
Josh Johnson,QB,DET,0,0,0,0,0,bye,0,0,0,0,0,0,0,29,68,62,45,204,51,11,0,86,3.75,0,1.5,0,0,0,0,,
Chase Edmonds,RB,ARI,17,10,8,7,3,4,22,13,bye,17,11,9,13,10,25,13,16,198,12.4,30,12,21,3.47,0.58,1.5,0.2,0.87,0,0.22,,
Jordan Wilkins,RB,IND,46,23,17,32,18,0,15,3,bye,5,11,8,5,0,2,0,13,198,12.4,30,9,21,5.6,0.51,1.5,0.16,1,0,0.08,,
Ted Ginn,WR,NO,50,30,52,38,0,bye,0,0,0,0,0,0,0,0,0,27,0,197,39.4,2,15,57,8.67,0.72,1.5,0.21,0.59,0.06,0,,
Jimmy Garoppolo,QB,SF,66,64,67,0,0,0,0,0,0,0,bye,0,0,0,0,0,0,197,65.7,4,0,99,3.75,0,1.5,0,0,0,0,,
Jeff Wilson,RB,SF,0,0,0,0,0,0,0,0,0,0,bye,25,54,62,12,38,6,197,32.8,34,8,51,4.03,0.54,1.5,0.14,0.8,0,0,,
Marcus Murphy,RB,BUF,23,23,16,0,0,0,18,1,24,24,bye,2,6,40,19,0,0,196,17.8,27,10,26,4.81,0.51,1.5,0.17,0.65,0,0,,
Andre Roberts,WR,BUF,10,0,1,0,2,7,31,32,0,1,bye,5,10,0,29,24,40,192,12.8,1,9,26,10,0.63,1.5,0.15,0.56,0.07,0,,
MyCole Pruitt,TE,TEN,0,0,13,3,7,5,7,bye,7,8,9,8,7,22,40,27,29,192,12.8,0,6,22,3.75,0.26,2.04,0.22,0.82,0.07,0,,
Richie James,WR,SF,0,7,0,0,24,0,3,0,23,5,bye,31,30,4,3,4,58,192,14.8,0,7,26,3.75,0.63,1.5,0.11,0.69,0.04,0,,
Josh McCown,QB,PHI,0,0,0,0,0,0,0,0,bye,56,0,64,68,3,0,0,0,191,47.8,3,0,80,3.75,0,1.5,0,0,0,0,,
Marcedes Lewis,TE,GB,7,14,7,17,12,22,bye,12,7,10,10,23,8,16,11,11,4,191,11.9,0,2,18,3.75,0.23,1.5,0.07,1,0,0,,
Sean Culkin,TE,LAC,17,16,20,13,19,24,11,bye,16,11,10,7,11,0,0,0,16,191,14.7,0,1,24,3.75,0.21,1.5,0.02,1,0,0,,
Tyrod Taylor,QB,LAC,89,62,31,0,0,0,0,bye,3,0,0,0,0,0,0,0,0,185,46.3,9,0,61,3.75,0,1.5,0,0,0,0,,
Marvin Hall,WR,CHI,9,9,12,16,19,15,12,0,14,6,8,12,10,5,18,11,9,185,11.6,1,10,17,3.75,0.63,1.5,0.16,0.53,0.04,0,,
Trenton Cannon,RB,NYJ,12,0,0,0,1,3,23,29,7,13,bye,9,9,18,23,18,20,185,11.6,21,14,23,3.75,0.55,1.5,0.26,0.65,0,0.1,,
Russell Shepard,WR,NYG,3,6,1,51,32,0,0,2,bye,1,7,13,7,26,34,0,0,183,15.3,0,10,25,3.75,0.73,1.5,0.14,0.56,0.09,0,,
Ryan Hewitt,RB,TEN,0,17,16,14,16,12,26,21,0,0,0,0,13,26,9,4,8,182,15.2,0,1,21,3.75,0.2,1.5,0.03,1,0.07,0,,
Darius Jennings,WR,TEN,6,6,7,16,8,5,3,bye,6,5,12,11,4,18,15,29,30,181,11.3,1,8,18,3.75,0.55,1.5,0.15,0.73,0,0,,
Anthony Firkser,TE,TEN,0,7,0,0,0,15,15,bye,8,3,14,13,18,23,15,28,22,181,15.1,0,11,25,3.75,0.67,1.84,0.16,0.95,0.07,0,,
Taysom Hill,QB,NO,1,0,5,15,14,bye,26,18,11,23,13,11,7,7,12,10,8,181,11.3,20,4,18,3.75,0.19,1.5,0.21,0.43,0,0,,
Rashaad Penny,RB,SEA,25,20,10,16,0,13,bye,0,12,27,17,10,12,14,0,0,4,180,12.9,47,7,22,4.93,0.42,1.5,0.16,0.75,0,0.13,,
Vyncint Smith,WR,HOU,37,0,41,0,0,0,0,8,3,bye,0,0,0,0,0,25,65,179,25.6,0,6,44,3.75,0.67,1.5,0.08,0.56,0.04,0,,
Eric Saubert,TE,NE,13,8,5,4,8,14,8,0,6,4,1,13,6,32,30,7,19,178,11.1,0,5,17,3.75,0.38,1.5,0.13,0.56,0,0,,
Cam Batson,WR,TEN,0,0,0,0,0,0,6,bye,30,34,39,28,23,7,4,3,4,178,16.2,1,6,28,3.75,0.61,1.5,0.1,0.73,0,0,,
Durham Smythe,TE,MIA,15,9,9,2,7,5,4,4,9,0,bye,10,17,20,16,23,26,176,11.7,0,6,20,3.75,0.25,1.5,0.18,0.75,0,0,,
Damion Ratley,WR,CLE,0,0,1,0,0,65,40,32,20,2,bye,2,7,2,1,3,0,175,13.5,0,11,22,3.75,0.69,1.5,0.17,0.65,0,0,,
Xavier Grimble,TE,PIT,22,8,16,2,10,21,bye,13,0,16,4,13,7,6,9,15,12,174,10.9,0,5,17,3.75,0.28,1.76,0.14,0.86,0,0,,
Orson Charles,TE,DEN,8,18,21,25,7,5,9,14,17,14,0,24,6,5,0,0,0,173,13.3,0,3,19,3.75,0.16,1.5,0.15,0.75,0,0,,
Terrelle Pryor,WR,JAC,24,44,44,2,13,44,0,0,bye,0,0,0,0,0,0,0,0,171,28.5,0,13,46,3.75,0.96,1.53,0.16,0.59,0.13,0,,
Patrick DiMarco,RB,BUF,1,8,12,4,13,12,7,12,3,14,bye,6,10,12,15,3,36,168,10.5,1,2,16,9,0.26,1.5,0.09,0.75,0,0,,
Keith Smith,RB,OAK,7,8,19,13,7,6,bye,11,10,9,14,6,9,5,7,21,10,162,10.1,0,0,0,3.75,0.22,1.5,0.19,0.71,0,0,,
Tommy Bohanon,RB,GB,12,6,5,2,11,4,10,6,0,18,22,19,11,7,4,19,5,161,10.1,0,0,0,3.75,0.17,1.5,0.29,0.75,0,0,,
Adam Shaheen,TE,CHI,0,0,0,0,bye,0,0,0,0,0,19,0,24,22,27,29,39,160,26.7,0,4,38,3.75,0.34,1.5,0.11,0.83,0.04,0,,
Wayne Gallman,RB,NYG,6,5,16,9,8,17,5,2,bye,5,6,14,15,27,0,8,12,155,10.3,0,0,0,3.45,0.5,1.5,0.27,0.67,0,0.08,,
C.J. Anderson,RB,DET,12,8,3,0,7,1,3,12,3,5,0,0,0,0,0,51,47,152,13.8,44,6,21,6.01,0.33,1.5,0.14,0.71,0.05,0.18,,
Kenneth Dixon,RB,BAL,22,0,0,0,0,0,0,0,0,bye,0,0,17,23,39,29,22,152,25.3,39,5,34,5.55,0.32,1.5,0.14,0.86,0,0.13,,
Rex Burkhead,RB,NE,38,14,7,0,0,0,0,0,0,0,bye,0,17,17,16,25,17,151,18.9,38,13,28,3.26,0.47,1.85,0.27,0.74,0.03,0,,
Rod Smith,RB,NYG,4,3,3,13,11,8,0,0,7,10,8,5,8,13,6,3,49,151,9.4,0,0,0,3.75,0.5,1.5,0.15,0.82,0,0.08,,
Justin Jackson,RB,LAC,0,0,0,0,0,7,5,bye,0,0,0,13,14,21,56,21,12,149,11.5,34,13,30,4.12,0.45,2.01,0.25,0.88,0,0.13,,
Chase Daniel,QB,CHI,0,0,0,3,bye,0,1,0,3,0,0,58,83,0,0,0,0,148,29.6,9,1,42,3.75,0.02,2.67,0.33,1,0,0,,
Nathan Peterman,QB,OAK,32,0,0,0,0,24,bye,2,90,0,0,0,0,0,0,0,0,148,37,7,0,52,3.75,0,1.5,0,0,0,0,,
Darren Sproles,RB,PHI,29,0,0,0,0,0,0,0,bye,0,0,0,9,23,20,38,27,146,24.3,20,16,35,4.14,0.64,1.7,0.23,0.68,0.06,0.08,,
Derek Watt,RB,LAC,7,7,8,11,14,10,3,bye,11,11,10,12,2,10,6,3,21,146,9.1,0,0,0,3.75,0.16,1.5,0.04,1,0,0,,
Rico Gathers,TE,CLE,0,5,5,10,7,14,7,0,18,10,9,15,10,14,10,6,6,146,9.7,0,0,0,3.75,0.28,1.5,0.17,0.43,0,0,,
Ryan Izzo,TE,MIN,9,8,9,9,7,8,4,7,12,bye,9,17,4,7,23,9,4,146,9.1,0,0,0,3.75,0,1.5,0,0,0,0,,
Dan Arnold,TE,NO,0,0,0,0,14,bye,12,10,13,28,15,12,12,0,14,0,11,141,14.1,0,13,22,3.75,0.62,1.7,0.22,0.63,0.03,0,,
CJ Ham,RB,MIN,13,7,17,20,8,14,2,10,2,bye,3,8,5,10,18,3,0,140,9.3,0,0,0,3.75,0.42,1.5,0.24,0.79,0,0,,
Ricky Ortiz,RB,ATL,10,12,9,12,13,13,13,bye,6,0,0,7,8,0,0,16,20,139,11.6,0,3,18,3.75,0.32,1.5,0.07,1,0,0,,
Jake Kumerow,WR,GB,0,0,0,0,0,0,bye,0,0,0,0,0,5,6,21,57,47,136,27.2,0,8,39,3.75,0.76,1.5,0.1,0.8,0.04,0,,
Tyler Eifert,TE,CIN,23,49,42,19,0,0,0,0,bye,0,0,0,0,0,0,0,0,133,33.3,0,14,49,3.75,0.71,1.88,0.19,0.83,0.04,0,,
Corey Coleman,WR,NYG,0,0,0,0,0,0,0,0,bye,8,5,13,11,42,22,15,16,132,16.5,1,6,26,5,0.55,1.5,0.11,0.63,0,0,,
Will Dissly,TE,SEA,33,47,39,8,0,0,bye,0,0,0,0,0,0,0,0,0,0,127,31.8,0,11,49,3.75,0.53,2.33,0.18,0.67,0.06,0,,
Cameron Meredith,WR,NE,0,0,34,22,30,0,18,9,13,0,bye,0,0,0,0,0,0,126,21,0,8,30,3.75,0.66,1.5,0.12,0.9,0.03,0,,
A.J. Derby,TE,NO,46,34,14,0,0,bye,0,0,0,30,0,0,0,0,0,0,0,124,31,0,4,53,3.75,0.45,1.5,0.09,0.6,0.03,0,,
Malcolm Brown,RB,LAR,4,23,13,2,0,16,25,9,6,8,14,bye,3,0,0,0,0,123,10.3,0,0,0,4.93,0.38,1.5,0.13,0.83,0.03,0,,
Elijhaa Penny,RB,NYG,0,0,6,5,0,3,6,2,bye,7,16,11,16,15,6,17,13,123,8.8,0,0,0,3.57,0.2,2.08,0.38,0.89,0,0,,
Ray-Ray McCloud,WR,BUF,0,0,14,20,13,14,0,11,17,19,bye,0,0,1,8,0,4,121,12.1,2,5,17,3.75,0.61,1.5,0.08,0.83,0,0,,
Brice Butler,WR,MIA,0,0,0,0,1,0,2,0,0,0,bye,22,34,18,25,14,4,120,15,0,8,28,3.75,0.6,1.5,0.14,0.6,0.04,0,,
Ben Braunecker,TE,CHI,2,1,5,12,bye,8,13,0,0,13,14,11,4,5,10,5,16,119,7.9,0,0,0,3.75,0.31,1.5,0.14,0.6,0,0,,
Zach Zenner,RB,DET,0,0,0,0,0,bye,0,0,0,2,3,4,3,16,26,27,37,118,14.8,47,8,22,4.82,0.36,1.5,0.24,0.7,0,0.27,,
Tyler Kroft,TE,BUF,18,34,21,20,24,0,0,0,0,0,bye,0,0,0,0,0,0,117,23.4,0,5,35,3.75,0.27,1.5,0.16,0.8,0,0,,
Tavon Austin,WR,DAL,10,18,19,17,23,18,0,bye,0,0,0,0,0,0,0,0,10,115,16.4,5,11,25,9.17,0.61,2,0.17,0.67,0.09,0,,
Alex Armah,RB,CAR,20,3,17,bye,10,2,3,10,10,6,1,4,1,5,3,8,12,115,7.2,0,0,0,3.75,0.11,1.5,0.08,1,0,0.17,,
Jamize Olawale,RB,DAL,6,9,3,6,6,8,1,bye,4,9,10,8,9,11,5,5,14,114,7.1,0,0,0,3.75,0.29,1.5,0.12,0.5,0,0,,
Deontay Burnett,WR,NYJ,0,0,0,0,0,0,0,41,20,0,bye,0,0,0,0,22,30,113,28.3,0,12,48,3.75,0.75,1.68,0.18,0.67,0,0,,
Roosevelt Nix,RB,PIT,19,4,11,1,8,17,bye,10,0,6,4,8,3,4,5,5,5,110,6.9,0,0,0,4,0.2,1.73,0.23,0.8,0,0,,
Ben Koyack,TE,JAC,0,0,0,0,0,0,0,0,bye,0,21,18,16,17,11,22,5,110,15.7,0,0,26,3.75,0,1.5,0,0,0,0,,
Eli Rogers,WR,PIT,0,0,0,0,0,0,bye,0,0,0,0,0,0,0,28,38,43,109,36.3,1,13,53,3.75,0.71,1.5,0.17,0.92,0,0,,
Trey Quinn,WR,WAS,8,0,0,bye,0,0,0,0,0,0,53,46,0,0,0,0,0,107,35.7,1,9,49,3.75,0.68,1.5,0.14,0.9,0.07,0,,
Noah Brown,WR,DAL,0,0,0,0,0,0,0,bye,0,9,10,20,21,8,13,11,10,102,12.8,0,8,18,3.75,0.24,2.25,0.33,0.63,0,0,,
Colt McCoy,QB,WAS,0,0,0,bye,0,0,0,0,0,0,24,63,13,0,0,0,0,100,33.3,10,0,55,3.75,0,1.5,0,0,0,0,,
Brandon Powell,WR,DET,0,0,0,0,0,bye,0,1,0,24,0,0,0,0,12,15,47,99,16.5,1,17,30,4,0.67,1.95,0.26,0.65,0,0,,
Anthony Sherman,RB,KC,17,13,8,4,5,2,11,4,5,4,1,bye,6,6,3,2,7,98,6.1,0,0,0,3.75,0.31,3.2,0.3,0.89,0.02,0,,
Seth DeValve,TE,CLE,6,0,0,0,9,1,0,5,14,4,bye,15,6,7,15,14,2,98,7.5,0,0,0,3.75,0.48,1.57,0.15,0.71,0.04,0,,
Jake Butt,TE,DEN,36,26,35,0,0,0,0,0,0,bye,0,0,0,0,0,0,0,97,32.3,0,13,46,3.75,0.53,1.67,0.22,0.73,0,0,,
Marcus Johnson,WR,IND,0,5,2,19,35,34,0,0,bye,0,0,0,0,0,0,0,0,95,19,1,8,26,3.75,0.68,1.57,0.12,0.75,0.03,0,,
Joshua Perkins,TE,PHI,4,26,31,8,1,11,7,7,bye,0,0,0,0,0,0,0,0,95,10.6,0,12,17,3.75,0.53,1.5,0.22,0.45,0,0,,
Mark Walton,RB,MIA,0,0,7,28,12,19,13,11,0,2,0,0,1,0,0,0,0,93,6.6,0,0,0,3.75,0.61,1.5,0.12,0.71,0,0,,
Kalen Ballage,RB,MIA,0,0,0,1,2,0,3,1,4,5,bye,2,8,0,26,14,26,92,7.7,0,0,0,5.31,0.46,1.5,0.26,0.82,0,0.14,,
Taylor Heinicke,QB,CAR,0,0,0,bye,0,0,0,3,0,3,1,0,1,1,0,82,0,91,15.2,5,0,20,3.75,0,1.5,0,0,0,0,,
Ronald Jones II,RB,TB,0,0,0,20,bye,12,29,11,0,0,0,0,9,4,4,0,1,90,10,0,0,0,3.75,0.6,1.5,0.17,0.78,0,0.13,,
Raheem Mostert,RB,SF,1,0,3,1,13,23,22,12,14,0,bye,0,0,0,0,0,0,89,9.9,0,0,0,7.68,0.42,1.5,0.19,0.86,0,0.17,,
Charone Peake,WR,NYJ,13,0,0,0,0,0,9,16,2,22,bye,6,2,1,7,9,2,89,6.8,0,0,0,3.75,0.6,1.5,0.06,0.67,0,0,,
Khadarel Hodge,WR,LAR,0,0,0,0,27,4,8,2,1,2,9,bye,2,1,2,9,18,85,6.1,0,0,0,3.75,0.33,1.5,0.11,0.67,0,0,,
Brian Quick,WR,WAS,0,5,1,bye,12,11,31,0,0,21,0,0,0,0,0,0,0,81,13.5,0,4,22,3.75,0.58,1.5,0.06,1,0,0,,
Gabe Holmes,TE,IND,9,17,1,13,13,12,13,3,bye,0,0,0,0,0,0,0,0,81,10.1,0,0,0,3.75,0,1.5,0,0,0,0,,
Tyler Ervin,RB,BAL,7,0,0,0,3,0,22,35,10,bye,0,0,0,0,0,0,0,77,8.6,0,0,0,3.75,0.48,1.5,0.08,1,0,0,,
Auden Tate,WR,CIN,0,0,0,0,0,0,0,0,bye,7,1,32,0,1,0,3,33,77,11,0,16,21,3.75,0.68,1.5,0.23,0.33,0,0,,
Jalen Tolliver,WR,KC,0,0,0,0,0,0,0,0,0,0,0,bye,0,12,42,23,0,77,25.7,0,8,40,3.75,0.7,1.5,0.11,0.5,0,0,,
Geremy Davis,WR,LAC,0,6,5,8,9,10,1,bye,0,0,0,13,1,1,11,0,9,74,5.3,0,0,0,3.75,0,1.5,0,0,0,0,,
J'Mon Moore,WR,GB,0,0,0,11,14,17,bye,0,0,5,0,11,0,0,0,0,16,74,6.2,0,0,0,3.75,0.74,1.5,0.05,0.67,0,0,,
Matt Barkley,QB,BUF,0,0,0,0,0,0,0,0,0,73,bye,0,0,0,0,0,0,73,73,4,0,100,3.75,0,1.5,0,0,0,0,,
Justin Watson,WR,TB,0,0,0,3,bye,6,2,12,5,6,4,9,7,8,2,0,9,73,6.1,0,0,0,3.75,0.41,1.5,0.07,0.5,0,0,,
Teddy Bridgewater,QB,NO,0,0,0,0,3,bye,0,1,0,11,4,0,0,0,0,0,52,71,14.2,15,0,24,3.75,0,1.5,0,0,0,0,,
Keith Ford,RB,GB,0,0,0,0,0,0,bye,0,0,0,0,0,0,0,41,30,0,71,35.5,30,7,55,3.76,0.45,1.5,0.13,0.75,0,0,,
DeAndre Washington,RB,OAK,0,0,0,0,0,0,bye,2,10,6,23,8,6,1,2,5,7,70,7,0,0,0,3.83,0.36,1.5,0.04,1,0,0,,
Tommylee Lewis,WR,DET,5,0,0,0,0,bye,0,0,0,0,0,28,0,13,11,4,9,70,10,0,0,0,5,0.53,1.62,0.08,1,0.05,0,,
Taquan Mizzell,RB,CHI,0,0,0,0,bye,0,0,0,7,8,1,9,14,6,11,9,5,70,7.8,0,0,0,3.75,0,1.5,0,0,0,0,,
Nick Williams,WR,DEN,0,0,0,30,19,0,10,10,0,bye,0,0,0,0,0,0,0,69,17.3,0,7,26,3.75,0.74,1.5,0.1,0.4,0,0,,
Bobo Wilson,WR,TB,0,0,0,0,bye,0,0,0,0,0,0,0,12,17,13,13,14,69,13.8,0,7,21,3.75,0.64,1.5,0.11,0.8,0,0,,
Josh Malone,WR,CIN,2,6,29,4,10,4,0,4,bye,0,0,0,0,0,0,1,8,68,7.6,0,0,0,3.75,0.65,1.5,0.09,0.25,0,0,,
Victor Bolden Jr.,WR,BUF,0,0,0,0,57,3,0,5,0,0,bye,0,0,0,0,0,3,68,11.3,0,6,24,3.75,0.6,1.5,0.1,0.25,0,0,,
Kyle Allen,QB,CAR,0,0,0,bye,0,0,0,0,0,0,0,0,0,0,0,9,59,68,34,7,0,42,3.75,0,1.5,0,0,0,0,,
Devonta Freeman,RB,ATL,39,0,0,0,28,0,0,bye,0,0,0,0,0,0,0,0,0,67,33.5,21,10,47,4.86,0.54,1.5,0.19,0.71,0,0,,
Robert Tonyan,TE,GB,0,0,0,0,3,2,bye,3,2,0,3,1,9,7,8,15,14,67,4.2,0,0,0,3.75,0.66,1.75,0.11,0.8,0.04,0,,
Darrell Daniels,TE,ARI,0,0,0,0,20,33,0,9,2,3,0,0,0,0,0,0,0,67,7.4,0,0,0,3.75,0.37,1.5,0.08,0,0,0,,
Brian Hill,RB,ATL,0,0,0,0,0,0,0,bye,0,0,0,6,0,9,5,14,32,66,6.6,0,0,0,7.85,0.42,1.5,0.07,0.5,0,0,,
DeShone Kizer,QB,GB,14,0,0,0,0,0,bye,0,0,0,0,0,0,1,0,0,47,62,20.7,8,0,37,3.75,0,1.5,0,0,0,0,,
Matt Flanagan,TE,WAS,0,0,0,bye,0,0,0,0,0,0,0,0,0,0,22,28,11,61,20.3,0,3,34,3.75,0.25,1.5,0.07,1,0,0,,
Russell Gage,WR,ATL,1,0,2,1,2,6,0,bye,0,0,0,0,1,6,20,8,13,60,4,0,0,0,3.75,0.53,1.97,0.31,0.6,0,0,,
Jacob Hollister,TE,SEA,0,14,0,0,4,3,bye,0,0,22,0,5,6,5,0,0,0,59,7.4,0,0,0,3.75,0.47,1.86,0.18,0.8,0,0,,
Dontrell Hilliard,RB,CLE,0,0,0,0,0,0,0,15,4,9,bye,3,12,4,2,8,1,58,5.3,0,0,0,3.75,0.59,3.09,0.29,0.9,0,0,,
Dwayne Harris,WR,OAK,0,0,2,4,0,4,bye,1,1,2,0,2,7,6,5,10,10,54,3.6,0,0,0,6,0.5,1.5,0.22,1,0,0,,
Jerome Cunningham,TE,DET,0,0,0,0,0,bye,0,0,0,0,0,0,0,0,4,20,29,53,17.7,0,2,26,3.75,0.28,1.5,0.07,0,0,0,,
John Kelly,RB,LAR,0,0,0,0,0,0,0,0,0,0,0,bye,0,0,7,17,26,50,12.5,54,6,23,3.75,0.22,2.45,0.27,0.67,0,0,,
Michael Burton,RB,NO,9,0,1,7,0,bye,0,0,8,7,0,0,1,10,0,6,0,49,6.1,0,0,0,3.75,0.12,1.5,0.17,1,0,0,,
Kenjon Barner,RB,ATL,0,0,0,10,0,5,17,7,3,0,0,0,0,0,0,6,0,48,5.3,0,0,0,3.74,0.4,1.5,0.05,1,0,0,,
Cameron Artis-Payne,RB,CAR,0,0,0,bye,0,0,0,0,0,0,3,1,1,1,0,4,38,48,5.3,0,0,0,3.63,0.23,1.5,0.36,0.75,0,0.08,,
Byron Marshall,RB,WAS,0,0,0,bye,0,0,0,0,0,0,17,1,0,18,7,3,1,47,7.8,0,0,0,3,0.62,1.5,0.21,0.67,0,0,,
Dwayne Washington,RB,NO,0,0,0,2,0,bye,0,0,0,16,4,0,0,0,0,0,24,46,3.5,0,0,0,3.75,0,1.5,0,0,0,0,,
Chad Beebe,WR,MIN,0,0,0,0,0,0,0,0,13,bye,29,0,0,0,0,4,0,46,15.3,0,9,27,3.75,0.8,1.5,0.11,1,0,0,,
Damiere Byrd,WR,ARI,0,0,0,0,13,0,2,9,9,4,6,1,0,0,0,0,0,44,5.5,0,0,0,3.75,0.45,1.5,0.1,0.5,0,0,,
Malik Turner,WR,SEA,0,0,0,0,0,0,bye,0,3,0,9,6,14,7,4,0,0,43,7.2,0,0,0,3.75,0.28,1.67,0.17,1,0,0,,
Richard Rodgers,TE,PHI,0,0,0,0,0,0,0,0,bye,0,0,8,10,2,4,13,5,42,7,0,0,0,3.75,0.29,1.5,0.08,1,0,0,,
Darren Waller,TE,OAK,0,0,0,0,0,0,bye,0,0,0,0,0,0,4,9,14,15,42,10.5,2,14,17,21,0.69,2.59,0.21,1,0,0,,
Johnny Mundt,TE,LAR,2,0,2,2,2,2,11,0,0,0,0,bye,0,0,0,8,11,40,4,0,0,0,3.75,0.05,2.5,0.5,1,0,0,,
Delanie Walker,TE,TEN,39,0,0,0,0,0,0,bye,0,0,0,0,0,0,0,0,0,39,39,0,18,57,3.75,0.67,2,0.27,0.57,0,0,,
Ross Dwelley,TE,SF,0,0,0,0,0,0,1,0,13,0,bye,0,2,4,3,1,15,39,3.5,0,0,0,3.75,0.36,1.5,0.14,1,0,0,,
Sean Mannion,QB,MIN,0,0,0,0,0,0,10,0,0,bye,0,0,0,0,0,8,18,36,12,19,0,18,3.75,0,1.5,0,0,0,0,,
Marcus Kemp,WR,KC,0,0,1,0,1,0,3,0,0,3,3,bye,1,9,1,0,14,36,2.3,0,0,0,3.75,0.33,1.5,0.08,1,0,0,,
Mike Boone,RB,MIN,0,0,13,4,1,3,8,7,0,bye,0,0,0,0,0,0,0,36,4.5,0,0,0,4.27,0.61,1.5,0.14,0.67,0,0,,
Joe Webb,QB,HOU,0,0,0,0,0,0,0,0,3,bye,0,0,0,32,0,0,0,35,2.2,0,0,0,3.75,0,1.5,0,0,0,0,,
De'Anthony Thomas,WR,KC,7,5,4,9,10,0,0,0,0,0,0,bye,0,0,0,0,0,35,7,0,0,0,6,0.71,1.5,0.2,0.6,0.02,0,,
Chris Lacy,WR,DET,0,0,0,0,0,bye,0,0,0,0,0,0,0,0,0,0,35,35,35,0,3,48,3.75,0.34,1.5,0.08,0,0,0,,
Geno Smith,QB,SEA,0,1,0,0,0,7,bye,0,0,0,0,13,1,0,0,0,10,32,6.4,0,0,0,3.75,0,1.5,0,0,0,0,,
Gehrig Dieter,WR,KC,0,0,0,0,0,0,0,0,0,0,0,bye,7,9,0,1,15,32,8,0,0,0,3.75,0.47,1.5,0.2,0.33,0,0,,
Charcandrick West,RB,IND,0,0,0,0,0,0,0,0,bye,0,0,0,0,0,1,19,10,30,10,0,0,0,3.75,0.83,1.5,0.12,0.67,0.03,0,,
C.J. Prosise,RB,SEA,7,18,0,3,0,0,bye,0,0,2,0,0,0,0,0,0,0,30,6,0,0,0,3.75,0.77,1.5,0.13,1,0,0,,
Joshua Dobbs,QB,PIT,0,0,0,0,1,0,bye,1,1,8,0,0,0,19,0,0,0,30,6,0,0,0,3.75,0,1.5,0,0,0,0,,
Samaje Perine,RB,WAS,0,0,0,bye,0,8,2,0,15,0,0,0,0,0,0,0,5,30,6,0,0,0,4,0.63,1.5,0.16,1,0,0,,
Javon Wims,WR,CHI,0,0,0,1,bye,0,0,2,6,0,0,0,0,0,0,0,21,30,7.5,0,0,0,3.75,0.37,2.91,0.45,0.8,0,0,,
Derrick Willies,WR,CLE,1,0,1,2,26,0,0,0,0,0,bye,0,0,0,0,0,0,30,6,0,0,0,3.75,0.67,3.05,0.25,0.6,0,0,,
Roc Thomas,RB,JAC,0,0,0,4,14,5,3,3,bye,0,0,0,0,0,0,0,0,29,5.8,0,0,0,3.75,0.62,1.5,0.17,0.67,0,0,,
Detrez Newsome,RB,LAC,0,3,0,0,0,0,0,bye,0,0,0,8,0,0,18,0,0,29,3.2,0,0,0,4.45,0.48,1.5,0.14,1,0,0,,
Brian Hoyer,QB,NE,0,0,0,4,0,0,0,2,0,8,bye,0,0,0,0,9,4,27,5.4,0,0,0,3.75,0,1.5,0,0,0,0,,
River Cracraft,WR,DEN,0,0,0,0,0,0,0,0,7,bye,2,3,1,2,1,3,8,27,3.4,0,0,0,3.75,0.7,2.32,0.11,0.5,0,0,,
Cam Phillips,WR,BUF,0,0,0,0,0,0,16,11,0,0,bye,0,0,0,0,0,0,27,13.5,0,4,23,3.75,0.74,1.5,0.05,1,0,0,,
Mike Glennon,QB,OAK,0,0,0,0,0,0,bye,0,0,0,0,0,0,0,17,9,0,26,13,0,0,21,3.75,0,1.5,0,0,0,0,,
Brandon Bolden,RB,NE,0,0,0,0,0,0,0,0,0,0,bye,0,3,4,3,8,7,25,1.6,0,0,0,11.38,0.44,1.5,0.27,1,0.03,0.13,,
Daniel Brown,TE,NYJ,0,1,0,3,0,0,0,1,7,0,2,2,0,3,2,2,0,23,1.6,0,0,0,3.75,0,1.5,0,0,0,0,,
Shaun Wilson,RB,WAS,2,3,3,bye,0,0,0,0,4,10,0,0,0,0,0,0,0,22,4.4,0,0,0,4.83,0.73,1.5,0.31,0.6,0,0,,
Robert Griffin,QB,BAL,0,0,0,0,0,0,0,0,0,bye,1,0,16,4,0,0,0,21,7,0,0,0,3.75,0,1.5,0,0,0,0,,
Keenan Reynolds,WR,SEA,0,5,16,0,0,0,bye,0,0,0,0,0,0,0,0,0,0,21,10.5,0,0,16,3.75,0,1.5,0,0,0,0,,
T.J. Logan,RB,ARI,0,0,0,0,0,0,0,1,bye,3,1,2,3,1,10,0,0,21,2.1,0,0,0,3.75,0.86,2.06,0.39,1,0,0,,
Mason Schreck,TE,CIN,0,0,0,0,12,7,2,0,bye,0,0,0,0,0,0,0,0,21,3.5,0,0,0,3.75,0,1.5,0,0,0,0,,
David Williams,RB,DEN,0,0,0,0,0,0,6,0,0,bye,0,0,0,0,8,2,4,20,3.3,0,0,0,3.75,0,1.5,0,0,0,0,,
Matt Slater,WR,NE,0,0,0,3,2,1,0,2,6,0,bye,0,0,0,0,2,3,19,1.2,0,0,0,3.75,0,1.5,0,0,0,0,,
Dan Vitale,RB,GB,0,0,0,0,0,0,bye,0,0,0,0,0,3,2,4,8,2,19,3.8,0,0,0,3.75,0,1.5,0,0,0,0,,
Kyle Lauletta,QB,NYG,0,0,0,0,0,0,0,0,bye,0,0,0,0,18,0,0,1,19,9.5,0,0,0,3.75,0,1.5,0,0,0,0,,
Jonathan Williams,RB,IND,3,6,9,0,0,0,0,0,bye,0,0,0,0,0,0,0,0,18,6,0,0,0,3.75,0.56,1.5,0.1,1,0,0,,
Jacoby Brissett,QB,IND,0,0,1,0,0,0,8,0,bye,0,8,1,0,0,0,0,0,18,4.5,0,0,0,3.75,0,1.5,0,0,0,0,,
Ameer Abdullah,RB,MIN,0,0,0,0,0,0,7,4,0,bye,1,2,2,0,1,0,0,17,1.7,0,0,0,3.75,0.76,2.15,0.31,0.75,0,0,,
Brandon Zylstra,WR,MIN,0,2,0,1,0,0,1,1,1,bye,1,1,0,0,0,6,3,17,1.1,0,0,0,3.75,0.53,2.56,0.22,0.5,0,0,,
Jordan Franks,TE,CIN,0,0,0,0,0,0,0,1,bye,1,3,0,7,5,0,0,0,17,2.8,0,0,0,3.75,0.53,4.11,0.33,0.67,0,0,,
Chad Henne,QB,KC,0,0,0,0,0,0,0,0,0,0,0,bye,0,0,0,0,13,13,13,8,0,24,3.75,0,1.5,0,0,0,0,,
Garrett Gilbert,QB,CLE,0,0,0,0,0,0,0,0,0,0,bye,0,0,0,0,0,13,13,13,0,0,18,3.75,0,1.5,0,0,0,0,,
Isaiah Ford,WR,MIA,0,0,0,0,0,0,0,0,0,0,bye,0,13,0,0,0,0,13,13,0,8,24,3.75,0.54,1.5,0.14,0,0,0,,
Darvin Kidsy,WR,WAS,0,0,0,bye,0,0,0,0,0,0,0,0,0,0,0,3,10,13,6.5,0,0,0,3.75,0.69,1.5,0.22,0.5,0,0,,
Matt Schaub,QB,ATL,0,1,0,0,8,0,0,bye,0,0,0,0,0,0,3,0,0,12,4,0,0,0,3.75,0,1.5,0,0,0,0,,
AJ McCarron,QB,HOU,0,0,0,0,0,0,0,0,10,bye,0,2,0,0,0,0,0,12,6,0,0,0,3.75,0,1.5,0,0,0,0,,
Nate Sudfeld,QB,PHI,0,0,0,0,0,0,0,0,bye,0,0,0,0,0,0,1,10,11,5.5,0,0,0,3.75,0,1.5,0,0,0,0,,
Alex Ellis,TE,PHI,10,1,0,0,0,0,0,0,bye,0,0,0,0,0,0,0,0,11,5.5,0,0,0,3.75,0,1.5,0,0,0,0,,
Cole Wick,TE,TEN,1,6,0,0,4,0,0,bye,0,0,0,0,0,0,0,0,0,11,2.2,0,0,0,3.75,0.27,1.5,0.33,0,0,0,,
J.D. McKissic,RB,SEA,0,0,0,0,0,0,bye,0,0,0,0,0,2,1,3,2,1,9,1.8,0,0,0,3.75,0.44,1.5,0.25,0,0,0,,
Shane Smith,RB,NO,5,4,0,0,0,bye,0,0,0,0,0,0,0,0,0,0,0,9,4.5,0,0,0,3.75,0,1.5,0,0,0,0,,
De'Lance Turner,RB,BAL,0,0,0,4,5,0,0,0,0,bye,0,0,0,0,0,0,0,9,2.3,0,0,0,4,0.67,2.83,0.33,1,0,0,,
Alonzo Russell,WR,NYG,0,0,0,0,0,0,0,0,bye,0,0,0,0,0,0,0,8,8,8,0,0,0,3.75,0,1.5,0,0,0,0,,
Jehu Chesson,WR,WAS,0,1,0,bye,0,0,0,0,0,4,0,0,0,1,0,0,1,7,0.6,0,0,0,3.75,0.43,2.33,0.67,0.5,0,0,,
David Fluellen,RB,TEN,0,0,0,0,0,0,3,bye,0,3,0,0,0,0,0,0,0,6,0.9,0,0,0,3.75,0,1.5,0,0,0,0,,
Pharoh Cooper,WR,ARI,0,0,0,0,0,0,0,0,bye,0,0,0,5,0,1,0,0,6,0.9,0,0,0,3.75,0.5,1.5,0.33,0,0,0,,
Cooper Rush,QB,DAL,0,0,0,0,0,6,0,bye,0,0,0,0,0,0,0,0,0,6,6,0,0,0,3.75,0,1.5,0,0,0,0,,
Keon Hatcher,WR,OAK,0,0,0,0,0,0,bye,0,0,0,0,2,4,0,0,0,0,6,2,0,0,0,3.75,1,1.5,0.33,0.5,0,0,,
Donnie Ernsberger,RB,JAC,0,0,0,0,0,0,0,0,bye,0,0,0,0,0,0,2,4,6,3,0,0,0,3.75,0,1.5,0,0,0,0,,
Johnny Holton,WR,PIT,0,0,0,0,0,0,bye,0,0,0,0,5,0,0,0,0,0,5,5,0,0,0,3.75,0.8,1.5,0.25,0,0,0,,
Tra Carson,RB,GB,3,2,0,0,0,0,bye,0,0,0,0,0,0,0,0,0,0,5,0.8,0,0,0,3.75,0,1.5,0,0,0,0,,
Malachi Dupre,WR,LAC,0,0,0,0,0,0,0,bye,0,0,0,0,0,0,0,0,5,5,5,0,0,0,3.75,0,1.5,0,0,0,0,,
Justin Davis,RB,LAR,0,0,0,0,0,0,0,0,0,0,0,bye,0,1,4,0,0,5,0.5,0,0,0,3.75,0,1.5,0,0,0,0,,
Temarrick Hemingway,TE,CAR,0,0,0,bye,0,0,0,0,0,0,0,0,0,0,1,3,0,4,0.8,0,0,0,3.75,0,1.5,0,0,0,0,,
Jaydon Mickens,WR,CAR,3,0,0,0,0,0,0,0,0,0,0,0,0,0,0,0,0,3,0.5,0,0,0,3.75,0,1.5,0,0,0,0,,
De'Angelo Henderson,RB,MIN,0,0,0,0,0,0,0,0,0,bye,0,0,0,0,0,0,3,3,1.5,0,0,0,3.75,0,1.5,0,0,0,0,,
Daurice Fountain,WR,IND,0,0,0,0,0,0,0,0,bye,0,0,0,0,3,0,0,0,3,3,0,0,0,3.75,0,1.5,0,0,0,0,,
Buddy Howell,RB,HOU,0,0,0,0,0,0,0,0,0,bye,0,1,1,0,1,0,0,3,0.2,0,0,0,3.75,0,1.5,0,0,0,0,,
Da'Mari Scott,WR,NYG,0,0,0,0,0,0,0,0,bye,0,0,0,0,0,0,0,3,3,1,0,0,0,3.75,0,1.5,0,0,0,0,,
Garrett Dickerson,TE,NYG,0,0,0,0,0,0,0,0,bye,0,0,0,0,0,0,3,0,3,1.5,0,0,0,3.75,0,1.5,0,0,0,0,,
Taiwan Jones,RB,HOU,0,0,0,1,1,0,0,0,0,bye,0,0,0,0,0,0,0,2,0.3,0,0,0,3.75,1,1.5,1,0,0,0,,
Jeremy McNichols,RB,TEN,0,0,0,2,0,0,0,bye,0,0,0,0,0,0,0,0,0,2,2,0,0,0,3.75,0,1.5,0,0,0,0,,
Dare Ogunbowale,RB,TB,0,0,0,0,bye,0,0,0,0,0,0,2,0,0,0,0,0,2,1,0,0,0,3.75,0,1.5,0,0,0,0,,
Tim White,WR,NYJ,0,0,0,2,0,0,0,0,0,0,bye,0,0,0,0,0,0,2,0.7,0,0,0,3.75,0.5,14,1,1,0,0,,
Chad Kelly,QB,IND,0,0,0,0,0,1,0,0,bye,0,0,0,0,0,0,0,0,1,1,0,0,0,3.75,0,1.5,0,0,0,0,,
Allen Lazard,WR,GB,0,0,0,0,0,0,bye,0,0,0,0,0,0,0,0,0,1,1,1,0,0,0,3.75,1,7,1,1,0,0,,
Deon Yelder,TE,KC,0,0,0,0,0,0,0,0,0,1,0,bye,0,0,0,0,0,1,0.3,0,0,0,3.75,0,1.5,0,0,0,0,,
Steven Dunbar,WR,DEN,0,0,0,0,0,0,0,0,0,bye,0,0,0,0,0,0,1,1,1,0,0,0,3.75,0,1.5,0,0,0,0,,
Steven Mitchell Jr.,WR,HOU,0,0,0,0,0,0,0,0,0,bye,0,0,0,0,0,0,1,1,1,0,0,0,3.75,0,1.5,0,0,0,0,,